Workbook

Sheet Base de données Mono
E1: Talons de référence - ELECTRICITE | H1: Talons de référence - GAZ
A2: Chargé d'exploitation | B2: Branche | C2: Site | D2: Code site | E2: Saison de chauffe | F2: Mi-saison | G2: Saison de climatisation | H2: Saison de chauffe | I2: Mi-saison | J2: Saison de climatisation | K2: Horaire Ouv S | L2: Horaire Ferm S | M2: Horaire Ouv D | N2: Horaire Ferm D | O2: Commentaires BO | P2: Commentaires EM | Q2: Contact site
A3: JG | B3: Monoprix | C3: ABBEVILLE | D3: MO0386 | E3: 35 | F3: 35 | G3: 35 | K3: =INDEX([1]Monoprix!$F:$F,MATCH(D3,[1]Monoprix!$C:$C,0)) -> 0.1875 | L3: =INDEX([1]Monoprix!$G:$G,MATCH(D3,[1]Monoprix!$C:$C,0)) -> 0.79166667 | M3: =INDEX([1]Monoprix!$H:$H,MATCH(D3,[1]Monoprix!$C:$C,0)) -> 0.25 | N3: =INDEX([1]Monoprix!$I:$I,MATCH(D3,[1]Monoprix!$C:$C,0)) -> 0.5 | Q3: 0386dir@monoprix.fr
A4: JG | B4: SES8 | C4: AIX SEXTIUS | D4: MO0108 | E4: 70 | F4: 60 | G4: 85 | K4: =INDEX([1]Monoprix!$F:$F,MATCH(D4,[1]Monoprix!$C:$C,0)) -> 0.1875 | L4: =INDEX([1]Monoprix!$G:$G,MATCH(D4,[1]Monoprix!$C:$C,0)) -> 0.83333333 | M4: =INDEX([1]Monoprix!$H:$H,MATCH(D4,[1]Monoprix!$C:$C,0)) -> 0.25 | N4: =INDEX([1]Monoprix!$I:$I,MATCH(D4,[1]Monoprix!$C:$C,0)) -> 0.79166667 | Q4: 0108dir@monoprix.fr
A5: AD | B5: Fin CPE | C5: ALES | D5: MO2701 | E5: 30 | F5: 40 | G5: 40 | K5: =INDEX([1]Monoprix!$F:$F,MATCH(D5,[1]Monoprix!$C:$C,0)) -> 0.20833333 | L5: =INDEX([1]Monoprix!$G:$G,MATCH(D5,[1]Monoprix!$C:$C,0)) -> 0.79166667 | M5: =INDEX([1]Monoprix!$H:$H,MATCH(D5,[1]Monoprix!$C:$C,0)) -> 0.29166667 | N5: =INDEX([1]Monoprix!$I:$I,MATCH(D5,[1]Monoprix!$C:$C,0)) -> 0.54166667 | Q5: -
A6: AD | B6: SES8 | C6: ALESIA ALI | D6: MO0320 | E6: 45 | F6: 55 | G6: 65 | K6: =INDEX([1]Monoprix!$F:$F,MATCH(D6,[1]Monoprix!$C:$C,0)) -> 0.20833333 | L6: =INDEX([1]Monoprix!$G:$G,MATCH(D6,[1]Monoprix!$C:$C,0)) -> 0.83333333 | M6: =INDEX([1]Monoprix!$H:$H,MATCH(D6,[1]Monoprix!$C:$C,0)) -> 0.25 | N6: =INDEX([1]Monoprix!$I:$I,MATCH(D6,[1]Monoprix!$C:$C,0)) -> 0.54166667 | Q6: 0320dir@monoprix.fr
A7: AD | B7: SES8 | C7: ANGERS LES HALLES | D7: MO0039 | E7: 60 | F7: 60 | G7: 65 | K7: =INDEX([1]Monoprix!$F:$F,MATCH(D7,[1]Monoprix!$C:$C,0)) -> 0.20833333 | L7: =INDEX([1]Monoprix!$G:$G,MATCH(D7,[1]Monoprix!$C:$C,0)) -> 0.875 | M7: =INDEX([1]Monoprix!$H:$H,MATCH(D7,[1]Monoprix!$C:$C,0)) -> - | N7: =INDEX([1]Monoprix!$I:$I,MATCH(D7,[1]Monoprix!$C:$C,0)) -> - | Q7: 0039dir@monoprix.fr
A8: JG | B8: SES8 | C8: ANNECY COURRIER | D8: MO0332 | E8: 110 | F8: 110 | G8: 130 | K8: =INDEX([1]Monoprix!$F:$F,MATCH(D8,[1]Monoprix!$C:$C,0)) -> 0.20833333 | L8: =INDEX([1]Monoprix!$G:$G,MATCH(D8,[1]Monoprix!$C:$C,0)) -> 0.83333333 | M8: =INDEX([1]Monoprix!$H:$H,MATCH(D8,[1]Monoprix!$C:$C,0)) -> - | N8: =INDEX([1]Monoprix!$I:$I,MATCH(D8,[1]Monoprix!$C:$C,0)) -> - | Q8: 0332dir@monoprix.fr
A9: JG | B9: Monoprix | C9: ANNECY MG | D9: MO2814 | E9: 40 | F9: 45 | G9: 50 | K9: =INDEX([1]Monoprix!$F:$F,MATCH(D9,[1]Monoprix!$C:$C,0)) -> 0.20833333 | L9: =INDEX([1]Monoprix!$G:$G,MATCH(D9,[1]Monoprix!$C:$C,0)) -> 0.83333333 | M9: =INDEX([1]Monoprix!$H:$H,MATCH(D9,[1]Monoprix!$C:$C,0)) -> - | N9: =INDEX([1]Monoprix!$I:$I,MATCH(D9,[1]Monoprix!$C:$C,0)) -> - | Q9: 2814dir@monoprix.fr
A10: JG | B10: SES8 | C10: ARCUEIL | D10: MO0030 | E10: 80 | F10: 80 | G10: 105 | K10: =INDEX([1]Monoprix!$F:$F,MATCH(D10,[1]Monoprix!$C:$C,0)) -> 0.1875 | L10: =INDEX([1]Monoprix!$G:$G,MATCH(D10,[1]Monoprix!$C:$C,0)) -> 0.83333333 | M10: =INDEX([1]Monoprix!$H:$H,MATCH(D10,[1]Monoprix!$C:$C,0)) -> 0.24305556 | N10: =INDEX([1]Monoprix!$I:$I,MATCH(D10,[1]Monoprix!$C:$C,0)) -> 0.54166667 | Q10: 0030dir@monoprix.fr
A11: JG | B11: Monoprix | C11: ARRAS | D11: MO0427 | E11: 40 | F11: 40 | G11: 45 | K11: =INDEX([1]Monoprix!$F:$F,MATCH(D11,[1]Monoprix!$C:$C,0)) -> 0.1875 | L11: =INDEX([1]Monoprix!$G:$G,MATCH(D11,[1]Monoprix!$C:$C,0)) -> 0.83333333 | M11: =INDEX([1]Monoprix!$H:$H,MATCH(D11,[1]Monoprix!$C:$C,0)) -> 0.24305556 | N11: =INDEX([1]Monoprix!$I:$I,MATCH(D11,[1]Monoprix!$C:$C,0)) -> 0.54166667 | Q11: 0427dir@monoprix.fr
A12: AD | B12: Monoprix | C12: ASNIERES BOURGUIGNON | D12: MO1238 | E12: 55 | F12: 55 | G12: 60 | K12: =INDEX([1]Monoprix!$F:$F,MATCH(D12,[1]Monoprix!$C:$C,0)) -> 0.1875 | L12: =INDEX([1]Monoprix!$G:$G,MATCH(D12,[1]Monoprix!$C:$C,0)) -> 0.85416667 | M12: =INDEX([1]Monoprix!$H:$H,MATCH(D12,[1]Monoprix!$C:$C,0)) -> 0.25 | N12: =INDEX([1]Monoprix!$I:$I,MATCH(D12,[1]Monoprix!$C:$C,0)) -> 0.54166667 | Q12: 1238dir@monoprix.fr
A13: AD | B13: SES8 | C13: ASNIERES MARCHE | D13: MO0210 | E13: 45 | F13: 45 | G13: 50 | K13: =INDEX([1]Monoprix!$F:$F,MATCH(D13,[1]Monoprix!$C:$C,0)) -> 0.20833333 | L13: =INDEX([1]Monoprix!$G:$G,MATCH(D13,[1]Monoprix!$C:$C,0)) -> 0.83333333 | M13: =INDEX([1]Monoprix!$H:$H,MATCH(D13,[1]Monoprix!$C:$C,0)) -> 0.25 | N13: =INDEX([1]Monoprix!$I:$I,MATCH(D13,[1]Monoprix!$C:$C,0)) -> 0.79166667 | Q13: 0210dir@monoprix.fr
A14: AD | B14: Monoprix | C14: AURAY | D14: MO0026 | E14: 20 | F14: 25 | G14: 30 | K14: =INDEX([1]Monoprix!$F:$F,MATCH(D14,[1]Monoprix!$C:$C,0)) -> 0.20833333 | L14: =INDEX([1]Monoprix!$G:$G,MATCH(D14,[1]Monoprix!$C:$C,0)) -> 0.83333333 | M14: =INDEX([1]Monoprix!$H:$H,MATCH(D14,[1]Monoprix!$C:$C,0)) -> - | N14: =INDEX([1]Monoprix!$I:$I,MATCH(D14,[1]Monoprix!$C:$C,0)) -> - | Q14: 0026dir@monoprix.fr
... A34: AD | B34: SES8 | C34: CHAVILLE | D34: MO0162 | E34: 75 | F34: 80 | G34: 80 | K34: =INDEX([1]Monoprix!$F:$F,MATCH(D34,[1]Monoprix!$C:$C,0)) -> 0.25 | L34: =INDEX([1]Monoprix!$G:$G,MATCH(D34,[1]Monoprix!$C:$C,0)) -> 0.89583333 | M34: =INDEX([1]Monoprix!$H:$H,MATCH(D34,[1]Monoprix!$C:$C,0)) -> 0.29166667 | N34: =INDEX([1]Monoprix!$I:$I,MATCH(D34,[1]Monoprix!$C:$C,0)) -> 0.80208333 | Q34: 0162dir@monoprix.fr
A35: AD | B35: Fin CPE | C35: CLERMONT FERRAND | D35: MO2401 | E35: 10 | F35: 10 | G35: 5 | L35: 5 | M35: 20 | N35: Fermé | Q35: 2401dir@monoprix.fr
A36: AD | B36: SES8 | C36: CNIT LA DEFENSE | D36: MO2323 | E36: 50 | F36: 50 | G36: 50 | K36: =INDEX([1]Monoprix!$F:$F,MATCH(D36,[1]Monoprix!$C:$C,0)) -> 0.25 | L36: =INDEX([1]Monoprix!$G:$G,MATCH(D36,[1]Monoprix!$C:$C,0)) -> 0.875 | M36: =INDEX([1]Monoprix!$H:$H,MATCH(D36,[1]Monoprix!$C:$C,0)) -> 0.33333333 | N36: =INDEX([1]Monoprix!$I:$I,MATCH(D36,[1]Monoprix!$C:$C,0)) -> 0.83333333 | Q36: 2323dir@monoprix.fr
A37: JG | B37: Monoprix | C37: COLMAR | D37: MO0095 | E37: 80 | F37: 75 | G37: 80 | K37: =INDEX([1]Monoprix!$F:$F,MATCH(D37,[1]Monoprix!$C:$C,0)) -> 0.24305556 | L37: =INDEX([1]Monoprix!$G:$G,MATCH(D37,[1]Monoprix!$C:$C,0)) -> 0.83333333 | M37: =INDEX([1]Monoprix!$H:$H,MATCH(D37,[1]Monoprix!$C:$C,0)) -> - | N37: =INDEX([1]Monoprix!$I:$I,MATCH(D37,[1]Monoprix!$C:$C,0)) -> - | Q37: 0095dir@monoprix.fr
A38: AD | B38: SES8 | C38: COLOMBES | D38: MO0296 | E38: 75 | F38: 75 | G38: 80 | K38: =INDEX([1]Monoprix!$F:$F,MATCH(D38,[1]Monoprix!$C:$C,0)) -> 0.24305556 | L38: =INDEX([1]Monoprix!$G:$G,MATCH(D38,[1]Monoprix!$C:$C,0)) -> 0.89583333 | M38: =INDEX([1]Monoprix!$H:$H,MATCH(D38,[1]Monoprix!$C:$C,0)) -> 0.27083333 | N38: =INDEX([1]Monoprix!$I:$I,MATCH(D38,[1]Monoprix!$C:$C,0)) -> 0.55902778 | Q38: 0296dir@monoprix.fr
A39: AD | B39: SES8 | C39: COMMERCE | D39: MO0304 | E39: 75 | F39: 80 | G39: 95 | K39: =INDEX([1]Monoprix!$F:$F,MATCH(D39,[1]Monoprix!$C:$C,0)) -> 0.20833333 | L39: =INDEX([1]Monoprix!$G:$G,MATCH(D39,[1]Monoprix!$C:$C,0)) -> 0.89583333 | M39: =INDEX([1]Monoprix!$H:$H,MATCH(D39,[1]Monoprix!$C:$C,0)) -> 0.27083333 | N39: =INDEX([1]Monoprix!$I:$I,MATCH(D39,[1]Monoprix!$C:$C,0)) -> 0.55902778 | Q39: 0304dir@monoprix.fr
A40: AD | B40: SES8 | C40: COURCELLES | D40: MO1265 | E40: 45 | F40: 45 | G40: 50 | H40: 15 | I40: 15 | K40: =INDEX([1]Monoprix!$F:$F,MATCH(D40,[1]Monoprix!$C:$C,0)) -> 0.25 | L40: =INDEX([1]Monoprix!$G:$G,MATCH(D40,[1]Monoprix!$C:$C,0)) -> 0.86458333 | M40: =INDEX([1]Monoprix!$H:$H,MATCH(D40,[1]Monoprix!$C:$C,0)) -> - | N40: =INDEX([1]Monoprix!$I:$I,MATCH(D40,[1]Monoprix!$C:$C,0)) -> - | Q40: 1265dir@monoprix.fr
A41: JG | B41: Monoprix | C41: CREPY | D41: MO0100 | E41: 55 | F41: 50 | G41: 60 | K41: =INDEX([1]Monoprix!$F:$F,MATCH(D41,[1]Monoprix!$C:$C,0)) -> 0.25 | L41: =INDEX([1]Monoprix!$G:$G,MATCH(D41,[1]Monoprix!$C:$C,0)) -> 0.85416667 | M41: =INDEX([1]Monoprix!$H:$H,MATCH(D41,[1]Monoprix!$C:$C,0)) -> 0.27083333 | N41: =INDEX([1]Monoprix!$I:$I,MATCH(D41,[1]Monoprix!$C:$C,0)) -> 0.5625 | Q41: -
A42: JG | B42: SES8 | C42: CROIX ROUSSE | D42: MO0106 | E42: 80 | F42: 80 | G42: 105 | H42: 0 | I42: 0 | K42: =INDEX([1]Monoprix!$F:$F,MATCH(D42,[1]Monoprix!$C:$C,0)) -> 0.20486111 | L42: =INDEX([1]Monoprix!$G:$G,MATCH(D42,[1]Monoprix!$C:$C,0)) -> 0.89583333 | M42: =INDEX([1]Monoprix!$H:$H,MATCH(D42,[1]Monoprix!$C:$C,0)) -> 0.29166667 | N42: =INDEX([1]Monoprix!$I:$I,MATCH(D42,[1]Monoprix!$C:$C,0)) -> 0.5625 | Q42: 0106dir@monoprix.fr
A43: JG | B43: SES8 | C43: DAUMESNIL | D43: MO0253 | E43: 15 | F43: 15 | G43: 20 | K43: =INDEX([1]Monoprix!$F:$F,MATCH(D43,[1]Monoprix!$C:$C,0)) -> 0.24305556 | L43: =INDEX([1]Monoprix!$G:$G,MATCH(D43,[1]Monoprix!$C:$C,0)) -> 0.92013889 | M43: =INDEX([1]Monoprix!$H:$H,MATCH(D43,[1]Monoprix!$C:$C,0)) -> 0.28472222 | N43: =INDEX([1]Monoprix!$I:$I,MATCH(D43,[1]Monoprix!$C:$C,0)) -> 0.54166667 | Q43: 0253dir@monoprix.fr
A44: JG | B44: SES8 | C44: DIJON | D44: MO2804 | E44: 65 | F44: 55 | G44: 75 | K44: =INDEX([1]Monoprix!$F:$F,MATCH(D44,[1]Monoprix!$C:$C,0)) -> 0.24305556 | L44: =INDEX([1]Monoprix!$G:$G,MATCH(D44,[1]Monoprix!$C:$C,0)) -> 0.875 | M44: =INDEX([1]Monoprix!$H:$H,MATCH(D44,[1]Monoprix!$C:$C,0)) -> 0.3125 | N44: =INDEX([1]Monoprix!$I:$I,MATCH(D44,[1]Monoprix!$C:$C,0)) -> 0.54166667 | Q44: 2804dir@monoprix.fr
A45: JG | B45: Monoprix | C45: DRANCY | D45: MO1106 | E45: 45 | F45: 55 | G45: 55 | K45: =INDEX([1]Monoprix!$F:$F,MATCH(D45,[1]Monoprix!$C:$C,0)) -> 0.25 | L45: =INDEX([1]Monoprix!$G:$G,MATCH(D45,[1]Monoprix!$C:$C,0)) -> 0.86458333 | M45: =INDEX([1]Monoprix!$H:$H,MATCH(D45,[1]Monoprix!$C:$C,0)) -> 0.33333333 | N45: =INDEX([1]Monoprix!$I:$I,MATCH(D45,[1]Monoprix!$C:$C,0)) -> 0.55555556 | Q45: 1106dir@monoprix.fr
A46: JG | B46: Monoprix | C46: DUNKERQUE | D46: MO0416 | E46: 40 | F46: 85 | G46: 45 | K46: =INDEX([1]Monoprix!$F:$F,MATCH(D46,[1]Monoprix!$C:$C,0)) -> 0.23611111 | L46: =INDEX([1]Monoprix!$G:$G,MATCH(D46,[1]Monoprix!$C:$C,0)) -> 0.875 | M46: =INDEX([1]Monoprix!$H:$H,MATCH(D46,[1]Monoprix!$C:$C,0)) -> 0.3125 | N46: =INDEX([1]Monoprix!$I:$I,MATCH(D46,[1]Monoprix!$C:$C,0)) -> 0.55208333 | Q46: 0416dir@monoprix.fr
A47: JG | B47: Monoprix | C47: EPINAL | D47: MO2914 | E47: 35 | F47: 35 | G47: 40 | H47: 10 | I47: 0 | K47: =INDEX([1]Monoprix!$F:$F,MATCH(D47,[1]Monoprix!$C:$C,0)) -> 0.25 | L47: =INDEX([1]Monoprix!$G:$G,MATCH(D47,[1]Monoprix!$C:$C,0)) -> 0.82291667 | M47: =INDEX([1]Monoprix!$H:$H,MATCH(D47,[1]Monoprix!$C:$C,0)) -> 0.32291667 | N47: =INDEX([1]Monoprix!$I:$I,MATCH(D47,[1]Monoprix!$C:$C,0)) -> 0.53125 | Q47: -
A48: JG | B48: Monoprix | C48: FONTAINEBLEAU | D48: MO2147 | E48: 30 | F48: 35 | G48: 35 | K48: =INDEX([1]Monoprix!$F:$F,MATCH(D48,[1]Monoprix!$C:$C,0)) -> 0.25 | L48: =INDEX([1]Monoprix!$G:$G,MATCH(D48,[1]Monoprix!$C:$C,0)) -> 0.82291667 | M48: =INDEX([1]Monoprix!$H:$H,MATCH(D48,[1]Monoprix!$C:$C,0)) -> 0.3125 | N48: =INDEX([1]Monoprix!$I:$I,MATCH(D48,[1]Monoprix!$C:$C,0)) -> 0.55208333 | Q48: 2147dir@monoprix.fr
A49: AD | B49: Monoprix | C49: FONTENAY LE COMTE | D49: MO2261 | E49: 15 | F49: 15 | G49: 20 | K49: =INDEX([1]Monoprix!$F:$F,MATCH(D49,[1]Monoprix!$C:$C,0)) -> 0.29166667 | L49: =INDEX([1]Monoprix!$G:$G,MATCH(D49,[1]Monoprix!$C:$C,0)) -> 0.8125 | M49: =INDEX([1]Monoprix!$H:$H,MATCH(D49,[1]Monoprix!$C:$C,0)) -> 0.3125 | N49: =INDEX([1]Monoprix!$I:$I,MATCH(D49,[1]Monoprix!$C:$C,0)) -> 0.53125 | Q49: 2261dir@monoprix.fr
A50: JG | B50: SES8 | C50: FONTENAY SOUS BOIS | D50: MO1134 | E50: 55 | F50: 55 | G50: 70 | K50: =INDEX([1]Monoprix!$F:$F,MATCH(D50,[1]Monoprix!$C:$C,0)) -> 0.24305556 | L50: =INDEX([1]Monoprix!$G:$G,MATCH(D50,[1]Monoprix!$C:$C,0)) -> 0.89583333 | M50: =INDEX([1]Monoprix!$H:$H,MATCH(D50,[1]Monoprix!$C:$C,0)) -> 0.27083333 | N50: =INDEX([1]Monoprix!$I:$I,MATCH(D50,[1]Monoprix!$C:$C,0)) -> 0.5625 | Q50: 1134dir@monoprix.fr
A51: JG | B51: Fin CPE | C51: CAGNY | D51: MO0131 | E51: 35 | F51: 35 | G51: 35 | K51: 0.20833333 | L51: 0.83333333 | M51: 0.20833333 | N51: 0.58333333 | O51: Introuvable sur la new BD horaires GY | Q51: -
A52: JG | B52: SES8 | C52: GRASSE | D52: MO0055 | E52: 50 | F52: 55 | G52: 65 | K52: 0.20833333 | L52: 0.83333333 | M52: - | N52: - | O52: Introuvable sur la new BD horaires GY | Q52: 0055dir@monoprix.fr
A53: JG | B53: SES8 | C53: GRENOBLE CASERNE | D53: MO2317 | E53: 40 | F53: 40 | G53: 45 | K53: =INDEX([1]Monoprix!$F:$F,MATCH(D53,[1]Monoprix!$C:$C,0)) -> 0.22222222 | L53: =INDEX([1]Monoprix!$G:$G,MATCH(D53,[1]Monoprix!$C:$C,0)) -> 0.89583333 | M53: =INDEX([1]Monoprix!$H:$H,MATCH(D53,[1]Monoprix!$C:$C,0)) -> 0.3125 | N53: =INDEX([1]Monoprix!$I:$I,MATCH(D53,[1]Monoprix!$C:$C,0)) -> 0.55208333 | Q53: 2317dir@monoprix.fr
A54: JG | B54: Monoprix | C54: GRENOBLE VALLIER | D54: MO2834 | E54: 25 | F54: 25 | G54: 30 | K54: =INDEX([1]Monoprix!$F:$F,MATCH(D54,[1]Monoprix!$C:$C,0)) -> 0.24305556 | L54: =INDEX([1]Monoprix!$G:$G,MATCH(D54,[1]Monoprix!$C:$C,0)) -> 0.91666667 | M54: =INDEX([1]Monoprix!$H:$H,MATCH(D54,[1]Monoprix!$C:$C,0)) -> 0.24305556 | N54: =INDEX([1]Monoprix!$I:$I,MATCH(D54,[1]Monoprix!$C:$C,0)) -> 0.5625 | Q54: 2834dir@monoprix.fr
A55: JG | B55: Monoprix | C55: GUERET | D55: MO0199 | E55: 25 | F55: 25 | G55: 30 | K55: =INDEX([1]Monoprix!$F:$F,MATCH(D55,[1]Monoprix!$C:$C,0)) -> 0.27083333 | L55: =INDEX([1]Monoprix!$G:$G,MATCH(D55,[1]Monoprix!$C:$C,0)) -> 0.84375 | M55: =INDEX([1]Monoprix!$H:$H,MATCH(D55,[1]Monoprix!$C:$C,0)) -> 0.34375 | N55: =INDEX([1]Monoprix!$I:$I,MATCH(D55,[1]Monoprix!$C:$C,0)) -> 0.54166667 | Q55: 0199dir@monoprix.fr
A56: AD | B56: Monoprix | C56: HERBLAY | D56: MO1254 | E56: 30 | F56: 35 | G56: 35 | H56: 0 | I56: 0 | K56: =INDEX([1]Monoprix!$F:$F,MATCH(D56,[1]Monoprix!$C:$C,0)) -> 0.25 | L56: =INDEX([1]Monoprix!$G:$G,MATCH(D56,[1]Monoprix!$C:$C,0)) -> 0.83333333 | M56: =INDEX([1]Monoprix!$H:$H,MATCH(D56,[1]Monoprix!$C:$C,0)) -> 0.25 | N56: =INDEX([1]Monoprix!$I:$I,MATCH(D56,[1]Monoprix!$C:$C,0)) -> 0.55208333 | Q56: 1254dir@monoprix.fr
A57: AD | B57: Monoprix | C57: ISSOIRE | D57: MO2415 | E57: 25 | F57: 35 | G57: 35 | K57: =INDEX([1]Monoprix!$F:$F,MATCH(D57,[1]Monoprix!$C:$C,0)) -> 0.20833333 | L57: =INDEX([1]Monoprix!$G:$G,MATCH(D57,[1]Monoprix!$C:$C,0)) -> 0.83333333 | M57: =INDEX([1]Monoprix!$H:$H,MATCH(D57,[1]Monoprix!$C:$C,0)) -> 0.3125 | N57: =INDEX([1]Monoprix!$I:$I,MATCH(D57,[1]Monoprix!$C:$C,0)) -> 0.53125 | Q57: 2415dir@monoprix.fr
A58: AD | B58: SES8 | C58: ISSY GAMBETTA | D58: MO0037 | E58: 35 | F58: 35 | G58: 40 | K58: =INDEX([1]Monoprix!$F:$F,MATCH(D58,[1]Monoprix!$C:$C,0)) -> 0.25 | L58: =INDEX([1]Monoprix!$G:$G,MATCH(D58,[1]Monoprix!$C:$C,0)) -> 0.90625 | M58: =INDEX([1]Monoprix!$H:$H,MATCH(D58,[1]Monoprix!$C:$C,0)) -> 0.32638889 | N58: =INDEX([1]Monoprix!$I:$I,MATCH(D58,[1]Monoprix!$C:$C,0)) -> 0.54166667 | Q58: 0037dir@monoprix.fr
A59: AD | B59: SES8 | C59: ISSY LES MOULINEAUX | D59: MO0456 | E59: 120 | F59: 120 | G59: 95 | K59: =INDEX([1]Monoprix!$F:$F,MATCH(D59,[1]Monoprix!$C:$C,0)) -> 0.20833333 | L59: =INDEX([1]Monoprix!$G:$G,MATCH(D59,[1]Monoprix!$C:$C,0)) -> 0.91666667 | M59: =INDEX([1]Monoprix!$H:$H,MATCH(D59,[1]Monoprix!$C:$C,0)) -> 0.20833333 | N59: =INDEX([1]Monoprix!$I:$I,MATCH(D59,[1]Monoprix!$C:$C,0)) -> 0.57291667 | Q59: 0456dir@monoprix.fr
A60: JG | B60: SES8 | C60: ITALIE | D60: MO1319 | E60: 115 | F60: 110 | G60: 125 | K60: =INDEX([1]Monoprix!$F:$F,MATCH(D60,[1]Monoprix!$C:$C,0)) -> 0.24305556 | L60: =INDEX([1]Monoprix!$G:$G,MATCH(D60,[1]Monoprix!$C:$C,0)) -> 0.9375 | M60: =INDEX([1]Monoprix!$H:$H,MATCH(D60,[1]Monoprix!$C:$C,0)) -> - | N60: =INDEX([1]Monoprix!$I:$I,MATCH(D60,[1]Monoprix!$C:$C,0)) -> - | Q60: 1319dir@monoprix.fr
A61: AD | B61: Fin CPE | C61: LANNEMEZAN | D61: MO0348 | E61: 15 | F61: 15 | G61: 20 | K61: 0.20833333 | L61: 0.83333333 | M61: 0.20833333 | N61: 0.58333333 | O61: non précisé sur la new BD horaires GY | Q61: 0348dir@monoprix.fr
A62: AD | B62: SES8 | C62: LE HAVRE | D62: MO0147 | E62: 60 | F62: 60 | G62: 70 | K62: =INDEX([1]Monoprix!$F:$F,MATCH(D62,[1]Monoprix!$C:$C,0)) -> 0.1875 | L62: =INDEX([1]Monoprix!$G:$G,MATCH(D62,[1]Monoprix!$C:$C,0)) -> 0.88541667 | M62: =INDEX([1]Monoprix!$H:$H,MATCH(D62,[1]Monoprix!$C:$C,0)) -> - | N62: =INDEX([1]Monoprix!$I:$I,MATCH(D62,[1]Monoprix!$C:$C,0)) -> - | Q62: 0147dir@monoprix.fr
A63: AD | B63: SES8 | C63: LE VESINET | D63: MO1247 | E63: 45 | F63: 45 | G63: 55 | K63: =INDEX([1]Monoprix!$F:$F,MATCH(D63,[1]Monoprix!$C:$C,0)) -> 0.24305556 | L63: =INDEX([1]Monoprix!$G:$G,MATCH(D63,[1]Monoprix!$C:$C,0)) -> 0.89583333 | M63: =INDEX([1]Monoprix!$H:$H,MATCH(D63,[1]Monoprix!$C:$C,0)) -> 0.29166667 | N63: =INDEX([1]Monoprix!$I:$I,MATCH(D63,[1]Monoprix!$C:$C,0)) -> 0.5625 | Q63: 1247dir@monoprix.fr
A64: AD | B64: SES8 | C64: LE COURBE | D64: MO1318 | E64: 80 | F64: 75 | G64: 90 | K64: =INDEX([1]Monoprix!$F:$F,MATCH(D64,[1]Monoprix!$C:$C,0)) -> 0.24305556 | L64: =INDEX([1]Monoprix!$G:$G,MATCH(D64,[1]Monoprix!$C:$C,0)) -> 0.875 | M64: =INDEX([1]Monoprix!$H:$H,MATCH(D64,[1]Monoprix!$C:$C,0)) -> - | N64: =INDEX([1]Monoprix!$I:$I,MATCH(D64,[1]Monoprix!$C:$C,0)) -> - | Q64: 1318dir@monoprix.fr
A65: AD | B65: SES8 | C65: LES HUISSIERS | D65: MO0559 | E65: 60 | F65: 65 | G65: 90 | K65: =INDEX([1]Monoprix!$F:$F,MATCH(D65,[1]Monoprix!$C:$C,0)) -> 0.22916667 | L65: =INDEX([1]Monoprix!$G:$G,MATCH(D65,[1]Monoprix!$C:$C,0)) -> 0.89583333 | M65: =INDEX([1]Monoprix!$H:$H,MATCH(D65,[1]Monoprix!$C:$C,0)) -> 0.27777778 | N65: =INDEX([1]Monoprix!$I:$I,MATCH(D65,[1]Monoprix!$C:$C,0)) -> 0.5625 | Q65: 0559dir@monoprix.fr
A66: AD | B66: SES8 | C66: LES TOITS DE BOULOGNE | D66: MO1304 | E66: 65 | F66: 70 | G66: 75 | K66: =INDEX([1]Monoprix!$F:$F,MATCH(D66,[1]Monoprix!$C:$C,0)) -> 0.22916667 | L66: =INDEX([1]Monoprix!$G:$G,MATCH(D66,[1]Monoprix!$C:$C,0)) -> 0.875 | M66: =INDEX([1]Monoprix!$H:$H,MATCH(D66,[1]Monoprix!$C:$C,0)) -> 0.29166667 | N66: =INDEX([1]Monoprix!$I:$I,MATCH(D66,[1]Monoprix!$C:$C,0)) -> 0.83333333 | Q66: 1304dir@monoprix.fr
A67: JG | B67: SES8 | C67: LILLE LES TANNEURS | D67: MO0060 | E67: 50 | F67: 50 | G67: 60 | K67: =INDEX([1]Monoprix!$F:$F,MATCH(D67,[1]Monoprix!$C:$C,0)) -> 0.16666667 | L67: =INDEX([1]Monoprix!$G:$G,MATCH(D67,[1]Monoprix!$C:$C,0)) -> 0.83333333 | M67: =INDEX([1]Monoprix!$H:$H,MATCH(D67,[1]Monoprix!$C:$C,0)) -> 0.29166667 | N67: =INDEX([1]Monoprix!$I:$I,MATCH(D67,[1]Monoprix!$C:$C,0)) -> 0.79166667 | Q67: 0060dir@monoprix.fr
A68: AD | B68: Monoprix | C68: LISIEUX ALI | D68: MO0058 | E68: 40 | F68: 35 | G68: 50 | K68: 0.20833333 | L68: 0.83333333 | M68: 0.20833333 | N68: 0.58333333 | O68: Introuvable sur la new BD horaires GY | Q68: 0058dir@monoprix.fr
A69: AD | B69: Monoprix | C69: LORIENT | D69: MO2316 | E69: 35 | F69: 35 | G69: 35 | K69: =INDEX([1]Monoprix!$F:$F,MATCH(D69,[1]Monoprix!$C:$C,0)) -> 0.1875 | L69: =INDEX([1]Monoprix!$G:$G,MATCH(D69,[1]Monoprix!$C:$C,0)) -> 0.83333333 | M69: =INDEX([1]Monoprix!$H:$H,MATCH(D69,[1]Monoprix!$C:$C,0)) -> - | N69: =INDEX([1]Monoprix!$I:$I,MATCH(D69,[1]Monoprix!$C:$C,0)) -> - | Q69: 2316dir@monoprix.fr
A70: JG | B70: Monoprix | C70: LUNEVILLE | D70: MO2917 | E70: 30 | F70: 30 | G70: 30 | K70: =INDEX([1]Monoprix!$F:$F,MATCH(D70,[1]Monoprix!$C:$C,0)) -> 0.30555556 | L70: =INDEX([1]Monoprix!$G:$G,MATCH(D70,[1]Monoprix!$C:$C,0)) -> 0.83333333 | M70: =INDEX([1]Monoprix!$H:$H,MATCH(D70,[1]Monoprix!$C:$C,0)) -> 0.33333333 | N70: =INDEX([1]Monoprix!$I:$I,MATCH(D70,[1]Monoprix!$C:$C,0)) -> 0.54166667 | Q70: 2917dir@monoprix.fr
A71: JG | B71: SES8 | C71: LYON GBL | D71: MO2878 | E71: 120 | F71: 120 | G71: 130 | K71: =INDEX([1]Monoprix!$F:$F,MATCH(D71,[1]Monoprix!$C:$C,0)) -> 0.19791667 | L71: =INDEX([1]Monoprix!$G:$G,MATCH(D71,[1]Monoprix!$C:$C,0)) -> 0.89583333 | M71: =INDEX([1]Monoprix!$H:$H,MATCH(D71,[1]Monoprix!$C:$C,0)) -> 0.27083333 | N71: =INDEX([1]Monoprix!$I:$I,MATCH(D71,[1]Monoprix!$C:$C,0)) -> 0.54166667 | Q71: 2878dir@monoprix.fr
A72: JG | B72: SES8 | C72: LYON LA PART DIEU | D72: MO2326 | E72: 45 | F72: 45 | G72: 60 | K72: =INDEX([1]Monoprix!$F:$F,MATCH(D72,[1]Monoprix!$C:$C,0)) -> 0.1875 | L72: =INDEX([1]Monoprix!$G:$G,MATCH(D72,[1]Monoprix!$C:$C,0)) -> 0.83333333 | M72: =INDEX([1]Monoprix!$H:$H,MATCH(D72,[1]Monoprix!$C:$C,0)) -> 0.25 | N72: =INDEX([1]Monoprix!$I:$I,MATCH(D72,[1]Monoprix!$C:$C,0)) -> 0.5 | Q72: 2326dir@monoprix.fr
A73: JG | B73: SES8 | C73: LYON VALMY | D73: MO2810 | E73: 50 | F73: 50 | G73: 60 | K73: =INDEX([1]Monoprix!$F:$F,MATCH(D73,[1]Monoprix!$C:$C,0)) -> 0.20833333 | L73: =INDEX([1]Monoprix!$G:$G,MATCH(D73,[1]Monoprix!$C:$C,0)) -> 0.88541667 | M73: =INDEX([1]Monoprix!$H:$H,MATCH(D73,[1]Monoprix!$C:$C,0)) -> 0.31944444 | N73: =INDEX([1]Monoprix!$I:$I,MATCH(D73,[1]Monoprix!$C:$C,0)) -> 0.55208333 | Q73: 2810dir@monoprix.fr
A74: AD | B74: SES8 | C74: MANTES LA JOLIE | D74: MO2324 | E74: 35 | F74: 35 | G74: 40 | K74: =INDEX([1]Monoprix!$F:$F,MATCH(D74,[1]Monoprix!$C:$C,0)) -> 0.20138889 | L74: =INDEX([1]Monoprix!$G:$G,MATCH(D74,[1]Monoprix!$C:$C,0)) -> 0.875 | M74: =INDEX([1]Monoprix!$H:$H,MATCH(D74,[1]Monoprix!$C:$C,0)) -> 0.24305556 | N74: =INDEX([1]Monoprix!$I:$I,MATCH(D74,[1]Monoprix!$C:$C,0)) -> 0.83333333 | Q74: 2324dir@monoprix.fr
A75: JG | B75: Monoprix | C75: MARSEILLE BLANCARDE | D75: MO2719 | E75: 35 | F75: 30 | G75: 40 | K75: =INDEX([1]Monoprix!$F:$F,MATCH(D75,[1]Monoprix!$C:$C,0)) -> 0.23611111 | L75: =INDEX([1]Monoprix!$G:$G,MATCH(D75,[1]Monoprix!$C:$C,0)) -> 0.875 | M75: =INDEX([1]Monoprix!$H:$H,MATCH(D75,[1]Monoprix!$C:$C,0)) -> 0.3125 | N75: =INDEX([1]Monoprix!$I:$I,MATCH(D75,[1]Monoprix!$C:$C,0)) -> 0.54166667 | Q75: 2719dir@monoprix.fr
A76: JG | B76: SES8 | C76: MARSEILLE CANNEBIERE | D76: MO0344 | E76: 110 | F76: 100 | G76: 100 | K76: =INDEX([1]Monoprix!$F:$F,MATCH(D76,[1]Monoprix!$C:$C,0)) -> 0.14583333 | L76: =INDEX([1]Monoprix!$G:$G,MATCH(D76,[1]Monoprix!$C:$C,0)) -> 0.875 | M76: =INDEX([1]Monoprix!$H:$H,MATCH(D76,[1]Monoprix!$C:$C,0)) -> 0.28472222 | N76: =INDEX([1]Monoprix!$I:$I,MATCH(D76,[1]Monoprix!$C:$C,0)) -> 0.54166667 | Q76: 0344dir@monoprix.fr
A77: AD | B77: Fin CPE | C77: MONTLUCON | D77: MO0152 | E77: 45 | F77: 45 | G77: 60 | L77: 5 | M77: 20 | N77: Matin | Q77: 0152dir@monoprix.fr
A78: AD | B78: SES8 | C78: MONTPARNASSE | D78: MO0044 | E78: 125 | F78: 130 | G78: 195 | K78: =INDEX([1]Monoprix!$F:$F,MATCH(D78,[1]Monoprix!$C:$C,0)) -> 0.23611111 | L78: =INDEX([1]Monoprix!$G:$G,MATCH(D78,[1]Monoprix!$C:$C,0)) -> 0.875 | M78: =INDEX([1]Monoprix!$H:$H,MATCH(D78,[1]Monoprix!$C:$C,0)) -> 0.25 | N78: =INDEX([1]Monoprix!$I:$I,MATCH(D78,[1]Monoprix!$C:$C,0)) -> 0.85416667 | Q78: 0044dir@monoprix.fr
A79: AD | B79: SES8 | C79: MONTPELLIER COMEDIE | D79: MO0107 | E79: 60 | F79: 60 | G79: 70 | K79: =INDEX([1]Monoprix!$F:$F,MATCH(D79,[1]Monoprix!$C:$C,0)) -> 0.1875 | L79: =INDEX([1]Monoprix!$G:$G,MATCH(D79,[1]Monoprix!$C:$C,0)) -> 0.91666667 | M79: =INDEX([1]Monoprix!$H:$H,MATCH(D79,[1]Monoprix!$C:$C,0)) -> 0.29166667 | N79: =INDEX([1]Monoprix!$I:$I,MATCH(D79,[1]Monoprix!$C:$C,0)) -> 0.54166667 | Q79: 0107dir@monoprix.fr
A80: JG | B80: SES8 | C80: MONTREUIL | D80: MO0522 | E80: 95 | F80: 95 | G80: 105 | K80: =INDEX([1]Monoprix!$F:$F,MATCH(D80,[1]Monoprix!$C:$C,0)) -> 0.24305556 | L80: =INDEX([1]Monoprix!$G:$G,MATCH(D80,[1]Monoprix!$C:$C,0)) -> 0.875 | M80: =INDEX([1]Monoprix!$H:$H,MATCH(D80,[1]Monoprix!$C:$C,0)) -> 0.27083333 | N80: =INDEX([1]Monoprix!$I:$I,MATCH(D80,[1]Monoprix!$C:$C,0)) -> 0.55902778 | Q80: 0522dir@monoprix.fr
A81: AD | B81: SES8 | C81: MOULINS LES HALLES | D81: MO2321 | E81: 35 | F81: 35 | G81: 40 | K81: =INDEX([1]Monoprix!$F:$F,MATCH(D81,[1]Monoprix!$C:$C,0)) -> 0.20138889 | L81: =INDEX([1]Monoprix!$G:$G,MATCH(D81,[1]Monoprix!$C:$C,0)) -> 0.85416667 | M81: =INDEX([1]Monoprix!$H:$H,MATCH(D81,[1]Monoprix!$C:$C,0)) -> 0.20833333 | N81: =INDEX([1]Monoprix!$I:$I,MATCH(D81,[1]Monoprix!$C:$C,0)) -> 0.54166667 | Q81: 2321dir@monoprix.fr
A82: AD | B82: SES8 | C82: MOZART | D82: MO1321 | E82: 35 | F82: 35 | G82: 40 | K82: =INDEX([1]Monoprix!$F:$F,MATCH(D82,[1]Monoprix!$C:$C,0)) -> 0.23611111 | L82: =INDEX([1]Monoprix!$G:$G,MATCH(D82,[1]Monoprix!$C:$C,0)) -> 0.92708333 | M82: =INDEX([1]Monoprix!$H:$H,MATCH(D82,[1]Monoprix!$C:$C,0)) -> 0.23611111 | N82: =INDEX([1]Monoprix!$I:$I,MATCH(D82,[1]Monoprix!$C:$C,0)) -> 0.54166667 | Q82: 1321dir@monoprix.fr
A83: JG | B83: SES8 | C83: MULHOUSE | D83: MO0081 | E83: 45 | F83: 45 | G83: 55 | K83: =INDEX([1]Monoprix!$F:$F,MATCH(D83,[1]Monoprix!$C:$C,0)) -> 0.24305556 | L83: =INDEX([1]Monoprix!$G:$G,MATCH(D83,[1]Monoprix!$C:$C,0)) -> 0.84375 | M83: =INDEX([1]Monoprix!$H:$H,MATCH(D83,[1]Monoprix!$C:$C,0)) -> - | N83: =INDEX([1]Monoprix!$I:$I,MATCH(D83,[1]Monoprix!$C:$C,0)) -> - | Q83: 0081dir@monoprix.fr
A84: JG | B84: SES8 | C84: NANCY ST SEBASTIEN | D84: MO0041 | E84: 85 | F84: 85 | G84: 95 | K84: =INDEX([1]Monoprix!$F:$F,MATCH(D84,[1]Monoprix!$C:$C,0)) -> 0.23611111 | L84: =INDEX([1]Monoprix!$G:$G,MATCH(D84,[1]Monoprix!$C:$C,0)) -> 0.86458333 | M84: =INDEX([1]Monoprix!$H:$H,MATCH(D84,[1]Monoprix!$C:$C,0)) -> - | N84: =INDEX([1]Monoprix!$I:$I,MATCH(D84,[1]Monoprix!$C:$C,0)) -> - | Q84: 0041dir@monoprix.fr
A85: AD | B85: Monoprix | C85: NANTES DECRE | D85: MO2335 | E85: 40 | F85: 45 | G85: 50 | K85: =INDEX([1]Monoprix!$F:$F,MATCH(D85,[1]Monoprix!$C:$C,0)) -> 0.24305556 | L85: =INDEX([1]Monoprix!$G:$G,MATCH(D85,[1]Monoprix!$C:$C,0)) -> 0.875 | M85: =INDEX([1]Monoprix!$H:$H,MATCH(D85,[1]Monoprix!$C:$C,0)) -> - | N85: =INDEX([1]Monoprix!$I:$I,MATCH(D85,[1]Monoprix!$C:$C,0)) -> - | Q85: 2335dir@monoprix.fr
A86: AD | B86: Monoprix | C86: NARBONNE | D86: MO0512 | E86: 30 | F86: 30 | G86: 35 | K86: =INDEX([1]Monoprix!$F:$F,MATCH(D86,[1]Monoprix!$C:$C,0)) -> 0.24305556 | L86: =INDEX([1]Monoprix!$G:$G,MATCH(D86,[1]Monoprix!$C:$C,0)) -> 0.83333333 | M86: =INDEX([1]Monoprix!$H:$H,MATCH(D86,[1]Monoprix!$C:$C,0)) -> 0.29166667 | N86: =INDEX([1]Monoprix!$I:$I,MATCH(D86,[1]Monoprix!$C:$C,0)) -> 0.54166667 | Q86: 0512dir@monoprix.fr
A87: JG | B87: Monoprix | C87: NEVERS | D87: MO2408 | E87: 25 | F87: 25 | G87: 25 | K87: =INDEX([1]Monoprix!$F:$F,MATCH(D87,[1]Monoprix!$C:$C,0)) -> 0.24305556 | L87: =INDEX([1]Monoprix!$G:$G,MATCH(D87,[1]Monoprix!$C:$C,0)) -> 0.83333333 | M87: =INDEX([1]Monoprix!$H:$H,MATCH(D87,[1]Monoprix!$C:$C,0)) -> 0.29166667 | N87: =INDEX([1]Monoprix!$I:$I,MATCH(D87,[1]Monoprix!$C:$C,0)) -> 0.53125 | Q87: 2408dir@monoprix.fr
A88: JG | B88: SES8 | C88: NICE CIMIEZ | D88: MO2735 | E88: 90 | F88: 85 | G88: 95 | K88: =INDEX([1]Monoprix!$F:$F,MATCH(D88,[1]Monoprix!$C:$C,0)) -> 0.23611111 | L88: =INDEX([1]Monoprix!$G:$G,MATCH(D88,[1]Monoprix!$C:$C,0)) -> 0.875 | M88: =INDEX([1]Monoprix!$H:$H,MATCH(D88,[1]Monoprix!$C:$C,0)) -> 0.28472222 | N88: =INDEX([1]Monoprix!$I:$I,MATCH(D88,[1]Monoprix!$C:$C,0)) -> 0.54166667 | Q88: 2735dir@monoprix.fr
A89: JG | B89: SES8 | C89: NICE GORBELLA | D89: MO2733 | E89: 15 | F89: 20 | G89: 20 | K89: =INDEX([1]Monoprix!$F:$F,MATCH(D89,[1]Monoprix!$C:$C,0)) -> 0.20138889 | L89: =INDEX([1]Monoprix!$G:$G,MATCH(D89,[1]Monoprix!$C:$C,0)) -> 0.89583333 | M89: =INDEX([1]Monoprix!$H:$H,MATCH(D89,[1]Monoprix!$C:$C,0)) -> 0.27777778 | N89: =INDEX([1]Monoprix!$I:$I,MATCH(D89,[1]Monoprix!$C:$C,0)) -> 0.55208333 | Q89: 2733dir@monoprix.fr
... A99: AD | B99: Monoprix | C99: PORTE DE CHATILLON | D99: MO0193 | E99: 130 | F99: 125 | G99: 165 | K99: =INDEX([1]Monoprix!$F:$F,MATCH(D99,[1]Monoprix!$C:$C,0)) -> 0.1875 | L99: =INDEX([1]Monoprix!$G:$G,MATCH(D99,[1]Monoprix!$C:$C,0)) -> 0.9375 | M99: =INDEX([1]Monoprix!$H:$H,MATCH(D99,[1]Monoprix!$C:$C,0)) -> 0.25 | N99: =INDEX([1]Monoprix!$I:$I,MATCH(D99,[1]Monoprix!$C:$C,0)) -> 0.875 | Q99: 0193dir@monoprix.fr
A100: JG | B100: Fin CPE | C100: PROVINS | D100: MO0314 | E100: 25 | F100: 25 | G100: 25 | K100: 0.20833333 | L100: 0.83333333 | M100: 0.20833333 | N100: 0.58333333 | O100: Introuvable sur la new BD horaires GY | Q100: -
A101: JG | B101: SES8 | C101: REIMS | D101: MO0056 | E101: 50 | F101: 40 | G101: 45 | K101: =INDEX([1]Monoprix!$F:$F,MATCH(D101,[1]Monoprix!$C:$C,0)) -> 0.22916667 | L101: =INDEX([1]Monoprix!$G:$G,MATCH(D101,[1]Monoprix!$C:$C,0)) -> 0.85416667 | M101: =INDEX([1]Monoprix!$H:$H,MATCH(D101,[1]Monoprix!$C:$C,0)) -> 0.3125 | N101: =INDEX([1]Monoprix!$I:$I,MATCH(D101,[1]Monoprix!$C:$C,0)) -> 0.5625 | Q101: 0056dir@monoprix.fr
A102: AD | B102: SES8 | C102: RENNES COLOMBIA | D102: MO0258 | E102: 60 | F102: 60 | G102: 80 | K102: =INDEX([1]Monoprix!$F:$F,MATCH(D102,[1]Monoprix!$C:$C,0)) -> 0.22916667 | L102: =INDEX([1]Monoprix!$G:$G,MATCH(D102,[1]Monoprix!$C:$C,0)) -> 0.86458333 | M102: =INDEX([1]Monoprix!$H:$H,MATCH(D102,[1]Monoprix!$C:$C,0)) -> - | N102: =INDEX([1]Monoprix!$I:$I,MATCH(D102,[1]Monoprix!$C:$C,0)) -> - | Q102: 0258dir@monoprix.fr
A103: JG | B103: SES8 | C103: REPUBLIQUE | D103: MO0074 | E103: 80 | F103: 75 | G103: 85 | K103: =INDEX([1]Monoprix!$F:$F,MATCH(D103,[1]Monoprix!$C:$C,0)) -> 0.24305556 | L103: =INDEX([1]Monoprix!$G:$G,MATCH(D103,[1]Monoprix!$C:$C,0)) -> 0.94791667 | M103: =INDEX([1]Monoprix!$H:$H,MATCH(D103,[1]Monoprix!$C:$C,0)) -> 0.25 | N103: =INDEX([1]Monoprix!$I:$I,MATCH(D103,[1]Monoprix!$C:$C,0)) -> 0.54166667 | Q103: 0074dir@monoprix.fr
A104: AD | B104: Monoprix | C104: ROCHEFORT | D104: MO2502 | E104: 25 | F104: 25 | G104: 35 | K104: =INDEX([1]Monoprix!$F:$F,MATCH(D104,[1]Monoprix!$C:$C,0)) -> 0.25 | L104: =INDEX([1]Monoprix!$G:$G,MATCH(D104,[1]Monoprix!$C:$C,0)) -> 0.83333333 | M104: =INDEX([1]Monoprix!$H:$H,MATCH(D104,[1]Monoprix!$C:$C,0)) -> 0.32638889 | N104: =INDEX([1]Monoprix!$I:$I,MATCH(D104,[1]Monoprix!$C:$C,0)) -> 0.55208333 | Q104: 2502dir@monoprix.fr
A105: JG | B105: SES8 | C105: ROQUETTE | D105: MO1149 | E105: 60 | F105: 60 | G105: 75 | K105: =INDEX([1]Monoprix!$F:$F,MATCH(D105,[1]Monoprix!$C:$C,0)) -> 0.25 | L105: =INDEX([1]Monoprix!$G:$G,MATCH(D105,[1]Monoprix!$C:$C,0)) -> 0.91666667 | M105: =INDEX([1]Monoprix!$H:$H,MATCH(D105,[1]Monoprix!$C:$C,0)) -> 0.29166667 | N105: =INDEX([1]Monoprix!$I:$I,MATCH(D105,[1]Monoprix!$C:$C,0)) -> 0.55208333 | Q105: 1149dir@monoprix.fr
A106: AD | B106: Monoprix | C106: ROUEN | D106: MO0070 | E106: 60 | F106: 65 | G106: 70 | K106: =INDEX([1]Monoprix!$F:$F,MATCH(D106,[1]Monoprix!$C:$C,0)) -> 0.23611111 | L106: =INDEX([1]Monoprix!$G:$G,MATCH(D106,[1]Monoprix!$C:$C,0)) -> 0.875 | M106: =INDEX([1]Monoprix!$H:$H,MATCH(D106,[1]Monoprix!$C:$C,0)) -> 0.28472222 | N106: =INDEX([1]Monoprix!$I:$I,MATCH(D106,[1]Monoprix!$C:$C,0)) -> 0.55208333 | Q106: 0070dir@monoprix.fr
A107: AD | B107: SES8 | C107: RUEIL MALMAISON | D107: MO2318 | E107: 55 | F107: 65 | G107: 70 | K107: =INDEX([1]Monoprix!$F:$F,MATCH(D107,[1]Monoprix!$C:$C,0)) -> 0.26041667 | L107: =INDEX([1]Monoprix!$G:$G,MATCH(D107,[1]Monoprix!$C:$C,0)) -> 0.92708333 | M107: =INDEX([1]Monoprix!$H:$H,MATCH(D107,[1]Monoprix!$C:$C,0)) -> 0.27777778 | N107: =INDEX([1]Monoprix!$I:$I,MATCH(D107,[1]Monoprix!$C:$C,0)) -> 0.59375 | Q107: 2318dir@monoprix.fr
A108: AD | B108: SES8 | C108: SABLONS | D108: MO0157 | E108: 75 | F108: 70 | G108: 95 | K108: =INDEX([1]Monoprix!$F:$F,MATCH(D108,[1]Monoprix!$C:$C,0)) -> 0.23611111 | L108: =INDEX([1]Monoprix!$G:$G,MATCH(D108,[1]Monoprix!$C:$C,0)) -> 0.91666667 | M108: =INDEX([1]Monoprix!$H:$H,MATCH(D108,[1]Monoprix!$C:$C,0)) -> 0.25694444 | N108: =INDEX([1]Monoprix!$I:$I,MATCH(D108,[1]Monoprix!$C:$C,0)) -> 0.60069444 | Q108: 0157dir@monoprix.fr
A109: AD | B109: Monoprix | C109: SAINT BRIEUC | D109: MO2315 | E109: 20 | F109: 20 | G109: 25 | K109: =INDEX([1]Monoprix!$F:$F,MATCH(D109,[1]Monoprix!$C:$C,0)) -> 0.23611111 | L109: =INDEX([1]Monoprix!$G:$G,MATCH(D109,[1]Monoprix!$C:$C,0)) -> 0.82291667 | M109: =INDEX([1]Monoprix!$H:$H,MATCH(D109,[1]Monoprix!$C:$C,0)) -> - | N109: =INDEX([1]Monoprix!$I:$I,MATCH(D109,[1]Monoprix!$C:$C,0)) -> - | Q109: 2315dir@monoprix.fr
A110: JG | B110: Monoprix | C110: SAINT MARCEL | D110: MO1170 | E110: 40 | F110: 45 | G110: 35 | K110: =INDEX([1]Monoprix!$F:$F,MATCH(D110,[1]Monoprix!$C:$C,0)) -> 0.25 | L110: =INDEX([1]Monoprix!$G:$G,MATCH(D110,[1]Monoprix!$C:$C,0)) -> 0.91666667 | M110: =INDEX([1]Monoprix!$H:$H,MATCH(D110,[1]Monoprix!$C:$C,0)) -> 0.28472222 | N110: =INDEX([1]Monoprix!$I:$I,MATCH(D110,[1]Monoprix!$C:$C,0)) -> 0.83333333 | Q110: 1170dir@monoprix.fr
A111: JG | B111: SES8 | C111: SAINT MAUR | D111: MO1357 | E111: 50 | F111: 50 | G111: 60 | H111: 0 | I111: 0 | K111: =INDEX([1]Monoprix!$F:$F,MATCH(D111,[1]Monoprix!$C:$C,0)) -> 0.24305556 | L111: =INDEX([1]Monoprix!$G:$G,MATCH(D111,[1]Monoprix!$C:$C,0)) -> 0.875 | M111: =INDEX([1]Monoprix!$H:$H,MATCH(D111,[1]Monoprix!$C:$C,0)) -> 0.28472222 | N111: =INDEX([1]Monoprix!$I:$I,MATCH(D111,[1]Monoprix!$C:$C,0)) -> 0.55208333 | Q111: 1357dir@monoprix.fr
A112: JG | B112: Monoprix | C112: SAINT QUENTIN | D112: MO0051 | E112: 50 | F112: 50 | G112: 50 | K112: =INDEX([1]Monoprix!$F:$F,MATCH(D112,[1]Monoprix!$C:$C,0)) -> 0.25694444 | L112: =INDEX([1]Monoprix!$G:$G,MATCH(D112,[1]Monoprix!$C:$C,0)) -> 0.875 | M112: =INDEX([1]Monoprix!$H:$H,MATCH(D112,[1]Monoprix!$C:$C,0)) -> 0.35416667 | N112: =INDEX([1]Monoprix!$I:$I,MATCH(D112,[1]Monoprix!$C:$C,0)) -> 0.55208333 | Q112: -
A113: AD | B113: SES8 | C113: SETE | D113: MO2759 | E113: 50 | F113: 45 | G113: 55 | K113: =INDEX([1]Monoprix!$F:$F,MATCH(D113,[1]Monoprix!$C:$C,0)) -> 0.23611111 | L113: =INDEX([1]Monoprix!$G:$G,MATCH(D113,[1]Monoprix!$C:$C,0)) -> 0.85416667 | M113: =INDEX([1]Monoprix!$H:$H,MATCH(D113,[1]Monoprix!$C:$C,0)) -> 0.29166667 | N113: =INDEX([1]Monoprix!$I:$I,MATCH(D113,[1]Monoprix!$C:$C,0)) -> 0.54166667 | Q113: 2759dir@monoprix.fr
A114: JG | B114: Monoprix | C114: SOISSONS | D114: MO0099 | E114: 60 | F114: 60 | G114: 60 | K114: =INDEX([1]Monoprix!$F:$F,MATCH(D114,[1]Monoprix!$C:$C,0)) -> 0.20138889 | L114: =INDEX([1]Monoprix!$G:$G,MATCH(D114,[1]Monoprix!$C:$C,0)) -> 0.85416667 | M114: =INDEX([1]Monoprix!$H:$H,MATCH(D114,[1]Monoprix!$C:$C,0)) -> 0.29166667 | N114: =INDEX([1]Monoprix!$I:$I,MATCH(D114,[1]Monoprix!$C:$C,0)) -> 0.5625 | Q114: 0099dir@monoprix.fr
A115: AD | B115: SES8 | C115: ST GERMAIN | D115: MO0080 | E115: 120 | F115: 115 | G115: 145 | K115: =INDEX([1]Monoprix!$F:$F,MATCH(D115,[1]Monoprix!$C:$C,0)) -> 0.24305556 | L115: =INDEX([1]Monoprix!$G:$G,MATCH(D115,[1]Monoprix!$C:$C,0)) -> 0.90625 | M115: =INDEX([1]Monoprix!$H:$H,MATCH(D115,[1]Monoprix!$C:$C,0)) -> 0.28125 | N115: =INDEX([1]Monoprix!$I:$I,MATCH(D115,[1]Monoprix!$C:$C,0)) -> 0.5625 | Q115: 0080dir@monoprix.fr
A116: JG | B116: SES8 | C116: SAINT MICHEL | D116: MO0034 | E116: 70 | F116: 65 | G116: 80 | K116: =INDEX([1]Monoprix!$F:$F,MATCH(D116,[1]Monoprix!$C:$C,0)) -> 0.24305556 | L116: =INDEX([1]Monoprix!$G:$G,MATCH(D116,[1]Monoprix!$C:$C,0)) -> 0 | M116: =INDEX([1]Monoprix!$H:$H,MATCH(D116,[1]Monoprix!$C:$C,0)) -> 0.27083333 | N116: =INDEX([1]Monoprix!$I:$I,MATCH(D116,[1]Monoprix!$C:$C,0)) -> 0.54166667 | Q116: 0034dir@monoprix.fr
A117: JG | B117: SES8 | C117: SAINT RAPHAEL | D117: MO0158 | E117: 35 | F117: 35 | G117: 50 | K117: =INDEX([1]Monoprix!$F:$F,MATCH(D117,[1]Monoprix!$C:$C,0)) -> 0.20833333 | L117: =INDEX([1]Monoprix!$G:$G,MATCH(D117,[1]Monoprix!$C:$C,0)) -> 0.85416667 | M117: =INDEX([1]Monoprix!$H:$H,MATCH(D117,[1]Monoprix!$C:$C,0)) -> 0.3125 | N117: =INDEX([1]Monoprix!$I:$I,MATCH(D117,[1]Monoprix!$C:$C,0)) -> 0.55902778 | Q117: 0158dir@monoprix.fr
A118: JG | B118: Monoprix | C118: STRASBOURG NEUDROF | D118: MO2911 | E118: 40 | F118: 40 | G118: 50 | K118: =INDEX([1]Monoprix!$F:$F,MATCH(D118,[1]Monoprix!$C:$C,0)) -> 0.25 | L118: =INDEX([1]Monoprix!$G:$G,MATCH(D118,[1]Monoprix!$C:$C,0)) -> 0.86458333 | M118: =INDEX([1]Monoprix!$H:$H,MATCH(D118,[1]Monoprix!$C:$C,0)) -> - | N118: =INDEX([1]Monoprix!$I:$I,MATCH(D118,[1]Monoprix!$C:$C,0)) -> - | Q118: 2911dir@monoprix.fr
A119: JG | B119: Monoprix | C119: SUCY EN BRIE | D119: MO1337 | E119: 25 | F119: 30 | G119: 30 | K119: =INDEX([1]Monoprix!$F:$F,MATCH(D119,[1]Monoprix!$C:$C,0)) -> 0.25 | L119: =INDEX([1]Monoprix!$G:$G,MATCH(D119,[1]Monoprix!$C:$C,0)) -> 0.84722222 | M119: =INDEX([1]Monoprix!$H:$H,MATCH(D119,[1]Monoprix!$C:$C,0)) -> 0.36805556 | N119: =INDEX([1]Monoprix!$I:$I,MATCH(D119,[1]Monoprix!$C:$C,0)) -> 0.55208333 | Q119: 1337dir@monoprix.fr
A120: AD | B120: Monoprix | C120: TARBES | D120: MO2622 | E120: 10 | F120: 10 | G120: 15 | K120: =INDEX([1]Monoprix!$F:$F,MATCH(D120,[1]Monoprix!$C:$C,0)) -> 0.23611111 | L120: =INDEX([1]Monoprix!$G:$G,MATCH(D120,[1]Monoprix!$C:$C,0)) -> 0.85416667 | M120: =INDEX([1]Monoprix!$H:$H,MATCH(D120,[1]Monoprix!$C:$C,0)) -> - | N120: =INDEX([1]Monoprix!$I:$I,MATCH(D120,[1]Monoprix!$C:$C,0)) -> - | Q120: 2622dir@monoprix.fr
A121: AD | B121: SES8 | C121: TERNES | D121: MO1209 | E121: 80 | F121: 80 | G121: 90 | H121: 0 | I121: 0 | K121: =INDEX([1]Monoprix!$F:$F,MATCH(D121,[1]Monoprix!$C:$C,0)) -> 0.1875 | L121: =INDEX([1]Monoprix!$G:$G,MATCH(D121,[1]Monoprix!$C:$C,0)) -> 0.89583333 | M121: =INDEX([1]Monoprix!$H:$H,MATCH(D121,[1]Monoprix!$C:$C,0)) -> 0.22916667 | N121: =INDEX([1]Monoprix!$I:$I,MATCH(D121,[1]Monoprix!$C:$C,0)) -> 0.8125 | Q121: 1209dir@monoprix.fr
A122: JG | B122: SES8 | C122: TOLBIAC | D122: MO0049 | E122: 50 | F122: 55 | G122: 70 | K122: =INDEX([1]Monoprix!$F:$F,MATCH(D122,[1]Monoprix!$C:$C,0)) -> 0.24305556 | L122: =INDEX([1]Monoprix!$G:$G,MATCH(D122,[1]Monoprix!$C:$C,0)) -> 0.92708333 | M122: =INDEX([1]Monoprix!$H:$H,MATCH(D122,[1]Monoprix!$C:$C,0)) -> - | N122: =INDEX([1]Monoprix!$I:$I,MATCH(D122,[1]Monoprix!$C:$C,0)) -> - | Q122: 0049dir@monoprix.fr
A123: AD | B123: SES8 | C123: TOURS NATIONALE | D123: MO0035 | E123: 55 | F123: 50 | G123: 60 | K123: =INDEX([1]Monoprix!$F:$F,MATCH(D123,[1]Monoprix!$C:$C,0)) -> 0.22916667 | L123: =INDEX([1]Monoprix!$G:$G,MATCH(D123,[1]Monoprix!$C:$C,0)) -> 0.88541667 | M123: =INDEX([1]Monoprix!$H:$H,MATCH(D123,[1]Monoprix!$C:$C,0)) -> 0.31944444 | N123: =INDEX([1]Monoprix!$I:$I,MATCH(D123,[1]Monoprix!$C:$C,0)) -> 0.55208333 | Q123: 0035dir@monoprix.fr
A124: AD | B124: Monoprix | C124: TROUVILLE | D124: MO0382 | E124: 30 | F124: 25 | G124: 35 | K124: =INDEX([1]Monoprix!$F:$F,MATCH(D124,[1]Monoprix!$C:$C,0)) -> 0.22916667 | L124: =INDEX([1]Monoprix!$G:$G,MATCH(D124,[1]Monoprix!$C:$C,0)) -> 0.88541667 | M124: =INDEX([1]Monoprix!$H:$H,MATCH(D124,[1]Monoprix!$C:$C,0)) -> 0.29166667 | N124: =INDEX([1]Monoprix!$I:$I,MATCH(D124,[1]Monoprix!$C:$C,0)) -> 0.55208333 | Q124: 0382dir@monoprix.fr
A125: JG | B125: SES8 | C125: UNI POTEAU | D125: MO1162 | E125: 70 | F125: 65 | G125: 90 | K125: =INDEX([1]Monoprix!$F:$F,MATCH(D125,[1]Monoprix!$C:$C,0)) -> 0.20138889 | L125: =INDEX([1]Monoprix!$G:$G,MATCH(D125,[1]Monoprix!$C:$C,0)) -> 0.92013889 | M125: =INDEX([1]Monoprix!$H:$H,MATCH(D125,[1]Monoprix!$C:$C,0)) -> 0.27777778 | N125: =INDEX([1]Monoprix!$I:$I,MATCH(D125,[1]Monoprix!$C:$C,0)) -> 0.55208333 | Q125: 1162dir@monoprix.fr
A126: AD | B126: SES8 | C126: VANNES | D126: MO0168 | E126: 50 | F126: 45 | G126: 55 | K126: =INDEX([1]Monoprix!$F:$F,MATCH(D126,[1]Monoprix!$C:$C,0)) -> 0.24305556 | L126: =INDEX([1]Monoprix!$G:$G,MATCH(D126,[1]Monoprix!$C:$C,0)) -> 0.83333333 | M126: =INDEX([1]Monoprix!$H:$H,MATCH(D126,[1]Monoprix!$C:$C,0)) -> 0.34722222 | N126: =INDEX([1]Monoprix!$I:$I,MATCH(D126,[1]Monoprix!$C:$C,0)) -> 0.57986111 | Q126: 0168dir@monoprix.fr
A127: AD | B127: SES8 | C127: VAUGIRARD | D127: MO1329 | E127: 85 | F127: 80 | G127: 125 | K127: =INDEX([1]Monoprix!$F:$F,MATCH(D127,[1]Monoprix!$C:$C,0)) -> 0.20138889 | L127: =INDEX([1]Monoprix!$G:$G,MATCH(D127,[1]Monoprix!$C:$C,0)) -> 0.92708333 | M127: =INDEX([1]Monoprix!$H:$H,MATCH(D127,[1]Monoprix!$C:$C,0)) -> 0.26388889 | N127: =INDEX([1]Monoprix!$I:$I,MATCH(D127,[1]Monoprix!$C:$C,0)) -> 0.5625 | Q127: 1329dir@monoprix.fr
A128: AD | B128: Monoprix | C128: VERNON | D128: MO0243 | E128: 40 | F128: 40 | G128: 45 | K128: =INDEX([1]Monoprix!$F:$F,MATCH(D128,[1]Monoprix!$C:$C,0)) -> 0.25 | L128: =INDEX([1]Monoprix!$G:$G,MATCH(D128,[1]Monoprix!$C:$C,0)) -> 0.875 | M128: =INDEX([1]Monoprix!$H:$H,MATCH(D128,[1]Monoprix!$C:$C,0)) -> 0.30555556 | N128: =INDEX([1]Monoprix!$I:$I,MATCH(D128,[1]Monoprix!$C:$C,0)) -> 0.54166667 | Q128: 0243dir@monoprix.fr
...

Sheet Suivi des alertes Monoprix
A1: Site | B1: Code site | C1: Branche | D1: Chargé d'exploitation | E1: Energie | F1: Semaine de l'alerte | G1: Mois de l'alerte | H1: Durée de fermeture Nuit | I1: Horaire Ouv S | J1: Horaire Ferm S | K1: Horaire Ouv D | L1: Horaire Ferm D | M1: Période Talon | N1: Talon ref | O1: Début surconsommation | P1: Fin surconsommation | Q1: Talon déréglé (kW) | R1: DP Surconso | S1: Nb d'heures | T1: Nb nuits/jours concernés | U1: Impact conso (kWh) | V1: Type d'impact | W1: % Surconso | X1: Période d'alerte | Y1: Type de surconso | Z1: Catégorie | AA1: Justification | AB1: Commentaires | AC1: Commentaires RAWA
A2: =INDEX('Base de données Mono'!C:C,MATCH(B2,'Base de données Mono'!D:D,0)) -> MONTPARNASSE | B2: MO0044 | C2: =INDEX('Base de données Mono'!B:B,MATCH(B2,'Base de données Mono'!D:D,0)) -> SES8 | D2: =INDEX('Base de données Mono'!A:A,MATCH(B2,'Base de données Mono'!D:D,0)) -> AD | E2: Electricité | F2: =IF(O2="","-",IF(AND(X2="Nuit",WEEKDAY(O2,2)=7,O2<>P2),WEEKNUM(O2,2),WEEKNUM(O2,2)-1))+1 -> 13 | G2: =IF(O2="","-",MONTH(O2)) -> 3 | H2: 9.67 | I2: =INDEX('Base de données Mono'!K:K,MATCH(B2,'Base de données Mono'!D:D,0)) -> 0.23611111 | J2: =INDEX('Base de données Mono'!L:L,MATCH(B2,'Base de données Mono'!D:D,0)) -> 0.875 | K2: =INDEX('Base de données Mono'!M:M,MATCH(B2,'Base de données Mono'!D:D,0)) -> 0.25 | L2: =INDEX('Base de données Mono'!N:N,MATCH(B2,'Base de données Mono'!D:D,0)) -> 0.85416667 | M2: Hiver | N2: =IF(AND(E2="Electricité",M2="Hiver"),INDEX('Base de données Mono'!E:E,MATCH(B2,'Base de données Mono'!D:D,0)),IF(AND(E2="Electricité",M2="Mi-saison"),INDEX('Base de données Mono'!F:F,MATCH(B2,'Base de données Mono'!D:D,0)),IF(AND(E2="Electricité",M2="Eté"),INDEX('Base de données Mono'!G:G,MATCH(B2,'Base de données Mono'!D:D,0)),IF(AND(E2="Gaz",M2="Hiver"),INDEX('Base de données Mono'!J:J,MATCH(B2,'Base de données Mono'!D:D,0)),IF(AND(E2="Gaz",M2="Mi-saison"),INDEX('Base de données Mono'!#REF!,MATCH(B2,'Base de données Mono'!D:D,0)),IF(AND(E2="Gaz",M2="Eté"),INDEX('Base de données Mono'!#REF!,MATCH(B2,'Base de données Mono'!D:D,0)),"-")))))) -> 125 | O2: 45375 | P2: 45381 | Q2: 190 | R2: =IF(Q2="","",Q2-N2) -> 65 | S2: 0.5 | T2: =P2-O2 -> 6 | U2: =R2*S2*T2 -> 195 | V2: - | W2: =IFERROR(IF(E2="Gaz","-",R2/N2),"-") -> 0.52 | X2: Nuit | Y2: Impact Client | Z2: Changement de comportement | AA2: Ouverture avancée
A3: =INDEX('Base de données Mono'!C:C,MATCH(B3,'Base de données Mono'!D:D,0)) -> MONTPARNASSE | B3: MO0044 | C3: =INDEX('Base de données Mono'!B:B,MATCH(B3,'Base de données Mono'!D:D,0)) -> SES8 | D3: =INDEX('Base de données Mono'!A:A,MATCH(B3,'Base de données Mono'!D:D,0)) -> AD | E3: Electricité | F3: =IF(O3="","-",IF(AND(X3="Nuit",WEEKDAY(O3,2)=7,O3<>P3),WEEKNUM(O3,2),WEEKNUM(O3,2)-1))+1 -> 13 | G3: =IF(O3="","-",MONTH(O3)) -> 3 | H3: 9.67 | I3: =INDEX('Base de données Mono'!K:K,MATCH(B3,'Base de données Mono'!D:D,0)) -> 0.23611111 | J3: =INDEX('Base de données Mono'!L:L,MATCH(B3,'Base de données Mono'!D:D,0)) -> 0.875 | K3: =INDEX('Base de données Mono'!M:M,MATCH(B3,'Base de données Mono'!D:D,0)) -> 0.25 | L3: =INDEX('Base de données Mono'!N:N,MATCH(B3,'Base de données Mono'!D:D,0)) -> 0.85416667 | M3: Hiver | N3: =IF(AND(E3="Electricité",M3="Hiver"),INDEX('Base de données Mono'!E:E,MATCH(B3,'Base de données Mono'!D:D,0)),IF(AND(E3="Electricité",M3="Mi-saison"),INDEX('Base de données Mono'!F:F,MATCH(B3,'Base de données Mono'!D:D,0)),IF(AND(E3="Electricité",M3="Eté"),INDEX('Base de données Mono'!G:G,MATCH(B3,'Base de données Mono'!D:D,0)),IF(AND(E3="Gaz",M3="Hiver"),INDEX('Base de données Mono'!J:J,MATCH(B3,'Base de données Mono'!D:D,0)),IF(AND(E3="Gaz",M3="Mi-saison"),INDEX('Base de données Mono'!#REF!,MATCH(B3,'Base de données Mono'!D:D,0)),IF(AND(E3="Gaz",M3="Eté"),INDEX('Base de données Mono'!#REF!,MATCH(B3,'Base de données Mono'!D:D,0)),"-")))))) -> 125 | O3: 45375 | P3: 45382 | Q3: 185 | R3: =IF(Q3="","",Q3-N3) -> 60 | S3: 3 | T3: =P3-O3 -> 7 | U3: =R3*S3*T3 -> 1260 | V3: - | W3: =IFERROR(IF(E3="Gaz","-",R3/N3),"-") -> 0.48 | X3: Nuit | Y3: Impact Client | Z3: Changement de comportement | AA3: Ouverture prolongée
A4: =INDEX('Base de données Mono'!C:C,MATCH(B4,'Base de données Mono'!D:D,0)) -> MOZART | B4: MO1321 | C4: =INDEX('Base de données Mono'!B:B,MATCH(B4,'Base de données Mono'!D:D,0)) -> SES8 | D4: =INDEX('Base de données Mono'!A:A,MATCH(B4,'Base de données Mono'!D:D,0)) -> AD | E4: Electricité | F4: =IF(O4="","-",IF(AND(X4="Nuit",WEEKDAY(O4,2)=7,O4<>P4),WEEKNUM(O4,2),WEEKNUM(O4,2)-1))+1 -> 13 | G4: =IF(O4="","-",MONTH(O4)) -> 3 | H4: 9.67 | I4: =INDEX('Base de données Mono'!K:K,MATCH(B4,'Base de données Mono'!D:D,0)) -> 0.23611111 | J4: =INDEX('Base de données Mono'!L:L,MATCH(B4,'Base de données Mono'!D:D,0)) -> 0.92708333 | K4: =INDEX('Base de données Mono'!M:M,MATCH(B4,'Base de données Mono'!D:D,0)) -> 0.23611111 | L4: =INDEX('Base de données Mono'!N:N,MATCH(B4,'Base de données Mono'!D:D,0)) -> 0.54166667 | M4: Hiver | N4: =IF(AND(E4="Electricité",M4="Hiver"),INDEX('Base de données Mono'!E:E,MATCH(B4,'Base de données Mono'!D:D,0)),IF(AND(E4="Electricité",M4="Mi-saison"),INDEX('Base de données Mono'!F:F,MATCH(B4,'Base de données Mono'!D:D,0)),IF(AND(E4="Electricité",M4="Eté"),INDEX('Base de données Mono'!G:G,MATCH(B4,'Base de données Mono'!D:D,0)),IF(AND(E4="Gaz",M4="Hiver"),INDEX('Base de données Mono'!J:J,MATCH(B4,'Base de données Mono'!D:D,0)),IF(AND(E4="Gaz",M4="Mi-saison"),INDEX('Base de données Mono'!#REF!,MATCH(B4,'Base de données Mono'!D:D,0)),IF(AND(E4="Gaz",M4="Eté"),INDEX('Base de données Mono'!#REF!,MATCH(B4,'Base de données Mono'!D:D,0)),"-")))))) -> 35 | O4: 45375 | P4: 45377 | Q4: 40 | R4: =IF(Q4="","",Q4-N4) -> 5 | S4: 2 | T4: =P4-O4 -> 2 | U4: =R4*S4*T4 -> 20 | V4: - | W4: =IFERROR(IF(E4="Gaz","-",R4/N4),"-") -> 0.14285714 | X4: Nuit | Y4: Impact Client | Z4: CVC | AA4: CVC en marche forcée sur GTC
A5: =INDEX('Base de données Mono'!C:C,MATCH(B5,'Base de données Mono'!D:D,0)) -> MOZART | B5: MO1321 | C5: =INDEX('Base de données Mono'!B:B,MATCH(B5,'Base de données Mono'!D:D,0)) -> SES8 | D5: =INDEX('Base de données Mono'!A:A,MATCH(B5,'Base de données Mono'!D:D,0)) -> AD | E5: Electricité | F5: =IF(O5="","-",IF(AND(X5="Nuit",WEEKDAY(O5,2)=7,O5<>P5),WEEKNUM(O5,2),WEEKNUM(O5,2)-1))+1 -> 13 | G5: =IF(O5="","-",MONTH(O5)) -> 3 | H5: 9.67 | I5: =INDEX('Base de données Mono'!K:K,MATCH(B5,'Base de données Mono'!D:D,0)) -> 0.23611111 | J5: =INDEX('Base de données Mono'!L:L,MATCH(B5,'Base de données Mono'!D:D,0)) -> 0.92708333 | K5: =INDEX('Base de données Mono'!M:M,MATCH(B5,'Base de données Mono'!D:D,0)) -> 0.23611111 | L5: =INDEX('Base de données Mono'!N:N,MATCH(B5,'Base de données Mono'!D:D,0)) -> 0.54166667 | M5: Hiver | N5: =IF(AND(E5="Electricité",M5="Hiver"),INDEX('Base de données Mono'!E:E,MATCH(B5,'Base de données Mono'!D:D,0)),IF(AND(E5="Electricité",M5="Mi-saison"),INDEX('Base de données Mono'!F:F,MATCH(B5,'Base de données Mono'!D:D,0)),IF(AND(E5="Electricité",M5="Eté"),INDEX('Base de données Mono'!G:G,MATCH(B5,'Base de données Mono'!D:D,0)),IF(AND(E5="Gaz",M5="Hiver"),INDEX('Base de données Mono'!J:J,MATCH(B5,'Base de données Mono'!D:D,0)),IF(AND(E5="Gaz",M5="Mi-saison"),INDEX('Base de données Mono'!#REF!,MATCH(B5,'Base de données Mono'!D:D,0)),IF(AND(E5="Gaz",M5="Eté"),INDEX('Base de données Mono'!#REF!,MATCH(B5,'Base de données Mono'!D:D,0)),"-")))))) -> 35 | O5: 45377 | P5: 45379 | Q5: 45 | R5: =IF(Q5="","",Q5-N5) -> 10 | S5: 7.4 | T5: =P5-O5 -> 2 | U5: =R5*S5*T5 -> 148 | V5: - | W5: =IFERROR(IF(E5="Gaz","-",R5/N5),"-") -> 0.28571429 | X5: Nuit | Y5: Impact Client | Z5: CVC | AA5: CVC en marche forcée sur GTC
A6: =INDEX('Base de données Mono'!C:C,MATCH(B6,'Base de données Mono'!D:D,0)) -> MOZART | B6: MO1321 | C6: =INDEX('Base de données Mono'!B:B,MATCH(B6,'Base de données Mono'!D:D,0)) -> SES8 | D6: =INDEX('Base de données Mono'!A:A,MATCH(B6,'Base de données Mono'!D:D,0)) -> AD | E6: Electricité | F6: =IF(O6="","-",IF(AND(X6="Nuit",WEEKDAY(O6,2)=7,O6<>P6),WEEKNUM(O6,2),WEEKNUM(O6,2)-1))+1 -> 13 | G6: =IF(O6="","-",MONTH(O6)) -> 3 | H6: 6 | I6: =INDEX('Base de données Mono'!K:K,MATCH(B6,'Base de données Mono'!D:D,0)) -> 0.23611111 | J6: =INDEX('Base de données Mono'!L:L,MATCH(B6,'Base de données Mono'!D:D,0)) -> 0.92708333 | K6: =INDEX('Base de données Mono'!M:M,MATCH(B6,'Base de données Mono'!D:D,0)) -> 0.23611111 | L6: =INDEX('Base de données Mono'!N:N,MATCH(B6,'Base de données Mono'!D:D,0)) -> 0.54166667 | M6: Hiver | N6: =IF(AND(E6="Electricité",M6="Hiver"),INDEX('Base de données Mono'!E:E,MATCH(B6,'Base de données Mono'!D:D,0)),IF(AND(E6="Electricité",M6="Mi-saison"),INDEX('Base de données Mono'!F:F,MATCH(B6,'Base de données Mono'!D:D,0)),IF(AND(E6="Electricité",M6="Eté"),INDEX('Base de données Mono'!G:G,MATCH(B6,'Base de données Mono'!D:D,0)),IF(AND(E6="Gaz",M6="Hiver"),INDEX('Base de données Mono'!J:J,MATCH(B6,'Base de données Mono'!D:D,0)),IF(AND(E6="Gaz",M6="Mi-saison"),INDEX('Base de données Mono'!#REF!,MATCH(B6,'Base de données Mono'!D:D,0)),IF(AND(E6="Gaz",M6="Eté"),INDEX('Base de données Mono'!#REF!,MATCH(B6,'Base de données Mono'!D:D,0)),"-")))))) -> 35 | O6: 45379 | P6: 45382 | Q6: 40 | R6: =IF(Q6="","",Q6-N6) -> 5 | S6: 2 | T6: =P6-O6 -> 3 | U6: =R6*S6*T6 -> 30 | V6: - | W6: =IFERROR(IF(E6="Gaz","-",R6/N6),"-") -> 0.14285714 | X6: Nuit | Y6: Impact Client | Z6: CVC | AA6: CVC en marche forcée sur GTC
A7: =INDEX('Base de données Mono'!C:C,MATCH(B7,'Base de données Mono'!D:D,0)) -> VIENNE PYRAMIDE | B7: MO0284 | C7: =INDEX('Base de données Mono'!B:B,MATCH(B7,'Base de données Mono'!D:D,0)) -> Franchisés | D7: =INDEX('Base de données Mono'!A:A,MATCH(B7,'Base de données Mono'!D:D,0)) -> AD | E7: Electricité | F7: =IF(O7="","-",IF(AND(X7="Nuit",WEEKDAY(O7,2)=7,O7<>P7),WEEKNUM(O7,2),WEEKNUM(O7,2)-1))+1 -> 13 | G7: =IF(O7="","-",MONTH(O7)) -> 3 | H7: 6 | I7: =INDEX('Base de données Mono'!K:K,MATCH(B7,'Base de données Mono'!D:D,0)) -> 0.24305556 | J7: =INDEX('Base de données Mono'!L:L,MATCH(B7,'Base de données Mono'!D:D,0)) -> 0.83333333 | K7: =INDEX('Base de données Mono'!M:M,MATCH(B7,'Base de données Mono'!D:D,0)) -> 0.29166667 | L7: =INDEX('Base de données Mono'!N:N,MATCH(B7,'Base de données Mono'!D:D,0)) -> 0.54166667 | M7: Hiver | N7: =IF(AND(E7="Electricité",M7="Hiver"),INDEX('Base de données Mono'!E:E,MATCH(B7,'Base de données Mono'!D:D,0)),IF(AND(E7="Electricité",M7="Mi-saison"),INDEX('Base de données Mono'!F:F,MATCH(B7,'Base de données Mono'!D:D,0)),IF(AND(E7="Electricité",M7="Eté"),INDEX('Base de données Mono'!G:G,MATCH(B7,'Base de données Mono'!D:D,0)),IF(AND(E7="Gaz",M7="Hiver"),INDEX('Base de données Mono'!J:J,MATCH(B7,'Base de données Mono'!D:D,0)),IF(AND(E7="Gaz",M7="Mi-saison"),INDEX('Base de données Mono'!#REF!,MATCH(B7,'Base de données Mono'!D:D,0)),IF(AND(E7="Gaz",M7="Eté"),INDEX('Base de données Mono'!#REF!,MATCH(B7,'Base de données Mono'!D:D,0)),"-")))))) -> 45 | O7: 45375 | P7: 45380 | Q7: 50 | R7: =IF(Q7="","",Q7-N7) -> 5 | S7: 2 | T7: =P7-O7 -> 5 | U7: =R7*S7*T7 -> 50 | V7: - | W7: =IFERROR(IF(E7="Gaz","-",R7/N7),"-") -> 0.11111111 | X7: Nuit | Y7: Impact Client | Z7: CVC | AA7: CVC en marche forcée sur GTC
A8: =INDEX('Base de données Mono'!C:C,MATCH(B8,'Base de données Mono'!D:D,0)) -> VIENNE PYRAMIDE | B8: MO0284 | C8: =INDEX('Base de données Mono'!B:B,MATCH(B8,'Base de données Mono'!D:D,0)) -> Franchisés | D8: =INDEX('Base de données Mono'!A:A,MATCH(B8,'Base de données Mono'!D:D,0)) -> AD | E8: Electricité | F8: =IF(O8="","-",IF(AND(X8="Nuit",WEEKDAY(O8,2)=7,O8<>P8),WEEKNUM(O8,2),WEEKNUM(O8,2)-1))+1 -> 13 | G8: =IF(O8="","-",MONTH(O8)) -> 3 | H8: 9.67 | I8: =INDEX('Base de données Mono'!K:K,MATCH(B8,'Base de données Mono'!D:D,0)) -> 0.24305556 | J8: =INDEX('Base de données Mono'!L:L,MATCH(B8,'Base de données Mono'!D:D,0)) -> 0.83333333 | K8: =INDEX('Base de données Mono'!M:M,MATCH(B8,'Base de données Mono'!D:D,0)) -> 0.29166667 | L8: =INDEX('Base de données Mono'!N:N,MATCH(B8,'Base de données Mono'!D:D,0)) -> 0.54166667 | M8: Hiver | N8: =IF(AND(E8="Electricité",M8="Hiver"),INDEX('Base de données Mono'!E:E,MATCH(B8,'Base de données Mono'!D:D,0)),IF(AND(E8="Electricité",M8="Mi-saison"),INDEX('Base de données Mono'!F:F,MATCH(B8,'Base de données Mono'!D:D,0)),IF(AND(E8="Electricité",M8="Eté"),INDEX('Base de données Mono'!G:G,MATCH(B8,'Base de données Mono'!D:D,0)),IF(AND(E8="Gaz",M8="Hiver"),INDEX('Base de données Mono'!J:J,MATCH(B8,'Base de données Mono'!D:D,0)),IF(AND(E8="Gaz",M8="Mi-saison"),INDEX('Base de données Mono'!#REF!,MATCH(B8,'Base de données Mono'!D:D,0)),IF(AND(E8="Gaz",M8="Eté"),INDEX('Base de données Mono'!#REF!,MATCH(B8,'Base de données Mono'!D:D,0)),"-")))))) -> 45 | O8: 45379 | P8: 45380 | Q8: 70 | R8: =IF(Q8="","",Q8-N8) -> 25 | S8: 2.8 | T8: =P8-O8 -> 1 | U8: =R8*S8*T8 -> 70 | V8: - | W8: =IFERROR(IF(E8="Gaz","-",R8/N8),"-") -> 0.55555556 | X8: Nuit | Y8: Impact Client | Z8: Eclairage | AA8: éclairage en marche forcée sur GTC
A9: =INDEX('Base de données Mono'!C:C,MATCH(B9,'Base de données Mono'!D:D,0)) -> VIENNE PYRAMIDE | B9: MO0284 | C9: =INDEX('Base de données Mono'!B:B,MATCH(B9,'Base de données Mono'!D:D,0)) -> Franchisés | D9: =INDEX('Base de données Mono'!A:A,MATCH(B9,'Base de données Mono'!D:D,0)) -> AD | E9: Electricité | F9: =IF(O9="","-",IF(AND(X9="Nuit",WEEKDAY(O9,2)=7,O9<>P9),WEEKNUM(O9,2),WEEKNUM(O9,2)-1))+1 -> 13 | G9: =IF(O9="","-",MONTH(O9)) -> 3 | H9: 6 | I9: =INDEX('Base de données Mono'!K:K,MATCH(B9,'Base de données Mono'!D:D,0)) -> 0.24305556 | J9: =INDEX('Base de données Mono'!L:L,MATCH(B9,'Base de données Mono'!D:D,0)) -> 0.83333333 | K9: =INDEX('Base de données Mono'!M:M,MATCH(B9,'Base de données Mono'!D:D,0)) -> 0.29166667 | L9: =INDEX('Base de données Mono'!N:N,MATCH(B9,'Base de données Mono'!D:D,0)) -> 0.54166667 | M9: Hiver | N9: =IF(AND(E9="Electricité",M9="Hiver"),INDEX('Base de données Mono'!E:E,MATCH(B9,'Base de données Mono'!D:D,0)),IF(AND(E9="Electricité",M9="Mi-saison"),INDEX('Base de données Mono'!F:F,MATCH(B9,'Base de données Mono'!D:D,0)),IF(AND(E9="Electricité",M9="Eté"),INDEX('Base de données Mono'!G:G,MATCH(B9,'Base de données Mono'!D:D,0)),IF(AND(E9="Gaz",M9="Hiver"),INDEX('Base de données Mono'!J:J,MATCH(B9,'Base de données Mono'!D:D,0)),IF(AND(E9="Gaz",M9="Mi-saison"),INDEX('Base de données Mono'!#REF!,MATCH(B9,'Base de données Mono'!D:D,0)),IF(AND(E9="Gaz",M9="Eté"),INDEX('Base de données Mono'!#REF!,MATCH(B9,'Base de données Mono'!D:D,0)),"-")))))) -> 45 | O9: 45380 | P9: 45382 | Q9: 50 | R9: =IF(Q9="","",Q9-N9) -> 5 | S9: 2 | T9: =P9-O9 -> 2 | U9: =R9*S9*T9 -> 20 | V9: - | W9: =IFERROR(IF(E9="Gaz","-",R9/N9),"-") -> 0.11111111 | X9: Nuit | Y9: Impact Client | Z9: CVC | AA9: CVC en marche forcée sur GTC
A10: =INDEX('Base de données Mono'!C:C,MATCH(B10,'Base de données Mono'!D:D,0)) -> FONTENAY SOUS BOIS | B10: MO1134 | C10: =INDEX('Base de données Mono'!B:B,MATCH(B10,'Base de données Mono'!D:D,0)) -> SES8 | D10: =INDEX('Base de données Mono'!A:A,MATCH(B10,'Base de données Mono'!D:D,0)) -> JG | E10: Electricité | F10: =IF(O10="","-",IF(AND(X10="Nuit",WEEKDAY(O10,2)=7,O10<>P10),WEEKNUM(O10,2),WEEKNUM(O10,2)-1))+1 -> 13 | G10: =IF(O10="","-",MONTH(O10)) -> 3 | H10: 8 | I10: =INDEX('Base de données Mono'!K:K,MATCH(B10,'Base de données Mono'!D:D,0)) -> 0.24305556 | J10: =INDEX('Base de données Mono'!L:L,MATCH(B10,'Base de données Mono'!D:D,0)) -> 0.89583333 | K10: =INDEX('Base de données Mono'!M:M,MATCH(B10,'Base de données Mono'!D:D,0)) -> 0.27083333 | L10: =INDEX('Base de données Mono'!N:N,MATCH(B10,'Base de données Mono'!D:D,0)) -> 0.5625 | M10: Hiver | N10: =IF(AND(E10="Electricité",M10="Hiver"),INDEX('Base de données Mono'!E:E,MATCH(B10,'Base de données Mono'!D:D,0)),IF(AND(E10="Electricité",M10="Mi-saison"),INDEX('Base de données Mono'!F:F,MATCH(B10,'Base de données Mono'!D:D,0)),IF(AND(E10="Electricité",M10="Eté"),INDEX('Base de données Mono'!G:G,MATCH(B10,'Base de données Mono'!D:D,0)),IF(AND(E10="Gaz",M10="Hiver"),INDEX('Base de données Mono'!J:J,MATCH(B10,'Base de données Mono'!D:D,0)),IF(AND(E10="Gaz",M10="Mi-saison"),INDEX('Base de données Mono'!#REF!,MATCH(B10,'Base de données Mono'!D:D,0)),IF(AND(E10="Gaz",M10="Eté"),INDEX('Base de données Mono'!#REF!,MATCH(B10,'Base de données Mono'!D:D,0)),"-")))))) -> 55 | O10: 45375 | P10: 45382 | Q10: 65 | R10: =IF(Q10="","",Q10-N10) -> 10 | S10: 7.3 | T10: =P10-O10 -> 7 | U10: =R10*S10*T10 -> 511 | V10: - | W10: =IFERROR(IF(E10="Gaz","-",R10/N10),"-") -> 0.18181818 | X10: Nuit | Y10: Impact Client | Z10: CVC | AA10: CVC en marche forcée sur GTC
A11: =INDEX('Base de données Mono'!C:C,MATCH(B11,'Base de données Mono'!D:D,0)) -> FONTENAY SOUS BOIS | B11: MO1134 | C11: =INDEX('Base de données Mono'!B:B,MATCH(B11,'Base de données Mono'!D:D,0)) -> SES8 | D11: =INDEX('Base de données Mono'!A:A,MATCH(B11,'Base de données Mono'!D:D,0)) -> JG | E11: Electricité | F11: =IF(O11="","-",IF(AND(X11="Nuit",WEEKDAY(O11,2)=7,O11<>P11),WEEKNUM(O11,2),WEEKNUM(O11,2)-1))+1 -> 13 | G11: =IF(O11="","-",MONTH(O11)) -> 3 | H11: 8 | I11: =INDEX('Base de données Mono'!K:K,MATCH(B11,'Base de données Mono'!D:D,0)) -> 0.24305556 | J11: =INDEX('Base de données Mono'!L:L,MATCH(B11,'Base de données Mono'!D:D,0)) -> 0.89583333 | K11: =INDEX('Base de données Mono'!M:M,MATCH(B11,'Base de données Mono'!D:D,0)) -> 0.27083333 | L11: =INDEX('Base de données Mono'!N:N,MATCH(B11,'Base de données Mono'!D:D,0)) -> 0.5625 | M11: Hiver | N11: =IF(AND(E11="Electricité",M11="Hiver"),INDEX('Base de données Mono'!E:E,MATCH(B11,'Base de données Mono'!D:D,0)),IF(AND(E11="Electricité",M11="Mi-saison"),INDEX('Base de données Mono'!F:F,MATCH(B11,'Base de données Mono'!D:D,0)),IF(AND(E11="Electricité",M11="Eté"),INDEX('Base de données Mono'!G:G,MATCH(B11,'Base de données Mono'!D:D,0)),IF(AND(E11="Gaz",M11="Hiver"),INDEX('Base de données Mono'!J:J,MATCH(B11,'Base de données Mono'!D:D,0)),IF(AND(E11="Gaz",M11="Mi-saison"),INDEX('Base de données Mono'!#REF!,MATCH(B11,'Base de données Mono'!D:D,0)),IF(AND(E11="Gaz",M11="Eté"),INDEX('Base de données Mono'!#REF!,MATCH(B11,'Base de données Mono'!D:D,0)),"-")))))) -> 55 | O11: 45375 | P11: 45381 | Q11: 90 | R11: =IF(Q11="","",Q11-N11) -> 35 | S11: 1 | T11: =P11-O11 -> 6 | U11: =R11*S11*T11 -> 210 | V11: - | W11: =IFERROR(IF(E11="Gaz","-",R11/N11),"-") -> 0.63636364 | X11: Nuit | Y11: Impact Client | Z11: Changement de comportement | AA11: Ouverture avancée
A12: =INDEX('Base de données Mono'!C:C,MATCH(B12,'Base de données Mono'!D:D,0)) -> FONTENAY SOUS BOIS | B12: MO1134 | C12: =INDEX('Base de données Mono'!B:B,MATCH(B12,'Base de données Mono'!D:D,0)) -> SES8 | D12: =INDEX('Base de données Mono'!A:A,MATCH(B12,'Base de données Mono'!D:D,0)) -> JG | E12: Electricité | F12: =IF(O12="","-",IF(AND(X12="Nuit",WEEKDAY(O12,2)=7,O12<>P12),WEEKNUM(O12,2),WEEKNUM(O12,2)-1))+1 -> 13 | G12: =IF(O12="","-",MONTH(O12)) -> 3 | H12: 8 | I12: =INDEX('Base de données Mono'!K:K,MATCH(B12,'Base de données Mono'!D:D,0)) -> 0.24305556 | J12: =INDEX('Base de données Mono'!L:L,MATCH(B12,'Base de données Mono'!D:D,0)) -> 0.89583333 | K12: =INDEX('Base de données Mono'!M:M,MATCH(B12,'Base de données Mono'!D:D,0)) -> 0.27083333 | L12: =INDEX('Base de données Mono'!N:N,MATCH(B12,'Base de données Mono'!D:D,0)) -> 0.5625 | M12: Hiver | N12: =IF(AND(E12="Electricité",M12="Hiver"),INDEX('Base de données Mono'!E:E,MATCH(B12,'Base de données Mono'!D:D,0)),IF(AND(E12="Electricité",M12="Mi-saison"),INDEX('Base de données Mono'!F:F,MATCH(B12,'Base de données Mono'!D:D,0)),IF(AND(E12="Electricité",M12="Eté"),INDEX('Base de données Mono'!G:G,MATCH(B12,'Base de données Mono'!D:D,0)),IF(AND(E12="Gaz",M12="Hiver"),INDEX('Base de données Mono'!J:J,MATCH(B12,'Base de données Mono'!D:D,0)),IF(AND(E12="Gaz",M12="Mi-saison"),INDEX('Base de données Mono'!#REF!,MATCH(B12,'Base de données Mono'!D:D,0)),IF(AND(E12="Gaz",M12="Eté"),INDEX('Base de données Mono'!#REF!,MATCH(B12,'Base de données Mono'!D:D,0)),"-")))))) -> 55 | O12: 45381 | P12: 45382 | Q12: 85 | R12: =IF(Q12="","",Q12-N12) -> 30 | S12: 0.5 | T12: =P12-O12 -> 1 | U12: =R12*S12*T12 -> 15 | V12: - | W12: =IFERROR(IF(E12="Gaz","-",R12/N12),"-") -> 0.54545455 | X12: Nuit | Y12: Impact Client | Z12: Changement de comportement | AA12: Ouverture avancée
A13: =INDEX('Base de données Mono'!C:C,MATCH(B13,'Base de données Mono'!D:D,0)) -> GRASSE | B13: MO0055 | C13: =INDEX('Base de données Mono'!B:B,MATCH(B13,'Base de données Mono'!D:D,0)) -> SES8 | D13: =INDEX('Base de données Mono'!A:A,MATCH(B13,'Base de données Mono'!D:D,0)) -> JG | E13: Electricité | F13: =IF(O13="","-",IF(AND(X13="Nuit",WEEKDAY(O13,2)=7,O13<>P13),WEEKNUM(O13,2),WEEKNUM(O13,2)-1))+1 -> 13 | G13: =IF(O13="","-",MONTH(O13)) -> 3 | H13: 8 | I13: =INDEX('Base de données Mono'!K:K,MATCH(B13,'Base de données Mono'!D:D,0)) -> 0.20833333 | J13: =INDEX('Base de données Mono'!L:L,MATCH(B13,'Base de données Mono'!D:D,0)) -> 0.83333333 | K13: =INDEX('Base de données Mono'!M:M,MATCH(B13,'Base de données Mono'!D:D,0)) -> - | L13: =INDEX('Base de données Mono'!N:N,MATCH(B13,'Base de données Mono'!D:D,0)) -> - | M13: Hiver | N13: =IF(AND(E13="Electricité",M13="Hiver"),INDEX('Base de données Mono'!E:E,MATCH(B13,'Base de données Mono'!D:D,0)),IF(AND(E13="Electricité",M13="Mi-saison"),INDEX('Base de données Mono'!F:F,MATCH(B13,'Base de données Mono'!D:D,0)),IF(AND(E13="Electricité",M13="Eté"),INDEX('Base de données Mono'!G:G,MATCH(B13,'Base de données Mono'!D:D,0)),IF(AND(E13="Gaz",M13="Hiver"),INDEX('Base de données Mono'!J:J,MATCH(B13,'Base de données Mono'!D:D,0)),IF(AND(E13="Gaz",M13="Mi-saison"),INDEX('Base de données Mono'!#REF!,MATCH(B13,'Base de données Mono'!D:D,0)),IF(AND(E13="Gaz",M13="Eté"),INDEX('Base de données Mono'!#REF!,MATCH(B13,'Base de données Mono'!D:D,0)),"-")))))) -> 50 | O13: 45375 | P13: 45382 | Q13: 55 | R13: =IF(Q13="","",Q13-N13) -> 5 | S13: 9 | T13: =P13-O13 -> 7 | U13: =R13*S13*T13 -> 315 | V13: - | W13: =IFERROR(IF(E13="Gaz","-",R13/N13),"-") -> 0.1 | X13: Nuit | Y13: Impact Client | Z13: CVC | AA13: CVC en marche forcée sur GTC
... A65: =INDEX('Base de données Mono'!C:C,MATCH(B65,'Base de données Mono'!D:D,0)) -> BOULOGNE LES PASSAGES | B65: MO0303 | C65: =INDEX('Base de données Mono'!B:B,MATCH(B65,'Base de données Mono'!D:D,0)) -> SES8 | D65: =INDEX('Base de données Mono'!A:A,MATCH(B65,'Base de données Mono'!D:D,0)) -> AD | E65: Electricité | F65: =IF(O65="","-",IF(AND(X65="Nuit",WEEKDAY(O65,2)=7,O65<>P65),WEEKNUM(O65,2),WEEKNUM(O65,2)-1))+1 -> 13 | G65: =IF(O65="","-",MONTH(O65)) -> 3 | H65: 10.33 | I65: =INDEX('Base de données Mono'!K:K,MATCH(B65,'Base de données Mono'!D:D,0)) -> 0.20833333 | J65: =INDEX('Base de données Mono'!L:L,MATCH(B65,'Base de données Mono'!D:D,0)) -> 0.85416667 | K65: =INDEX('Base de données Mono'!M:M,MATCH(B65,'Base de données Mono'!D:D,0)) -> - | L65: =INDEX('Base de données Mono'!N:N,MATCH(B65,'Base de données Mono'!D:D,0)) -> - | M65: Hiver | N65: =IF(AND(E65="Electricité",M65="Hiver"),INDEX('Base de données Mono'!E:E,MATCH(B65,'Base de données Mono'!D:D,0)),IF(AND(E65="Electricité",M65="Mi-saison"),INDEX('Base de données Mono'!F:F,MATCH(B65,'Base de données Mono'!D:D,0)),IF(AND(E65="Electricité",M65="Eté"),INDEX('Base de données Mono'!G:G,MATCH(B65,'Base de données Mono'!D:D,0)),IF(AND(E65="Gaz",M65="Hiver"),INDEX('Base de données Mono'!J:J,MATCH(B65,'Base de données Mono'!D:D,0)),IF(AND(E65="Gaz",M65="Mi-saison"),INDEX('Base de données Mono'!#REF!,MATCH(B65,'Base de données Mono'!D:D,0)),IF(AND(E65="Gaz",M65="Eté"),INDEX('Base de données Mono'!#REF!,MATCH(B65,'Base de données Mono'!D:D,0)),"-")))))) -> 95 | O65: 45380 | P65: 45382 | Q65: 105 | R65: =IF(Q65="","",Q65-N65) -> 10 | S65: 8.5 | T65: =P65-O65 -> 2 | U65: =R65*S65*T65 -> 170 | V65: - | W65: =IFERROR(IF(E65="Gaz","-",R65/N65),"-") -> 0.10526316 | X65: Nuit | Y65: Impact Client | Z65: CVC | AA65: CVC en marche forcée sur GTC
A66: =INDEX('Base de données Mono'!C:C,MATCH(B66,'Base de données Mono'!D:D,0)) -> ANNECY COURRIER | B66: MO0332 | C66: =INDEX('Base de données Mono'!B:B,MATCH(B66,'Base de données Mono'!D:D,0)) -> SES8 | D66: =INDEX('Base de données Mono'!A:A,MATCH(B66,'Base de données Mono'!D:D,0)) -> JG | E66: Electricité | F66: =IF(O66="","-",IF(AND(X66="Nuit",WEEKDAY(O66,2)=7,O66<>P66),WEEKNUM(O66,2),WEEKNUM(O66,2)-1))+1 -> 13 | G66: =IF(O66="","-",MONTH(O66)) -> 3 | I66: =INDEX('Base de données Mono'!K:K,MATCH(B66,'Base de données Mono'!D:D,0)) -> 0.20833333 | J66: =INDEX('Base de données Mono'!L:L,MATCH(B66,'Base de données Mono'!D:D,0)) -> 0.83333333 | K66: =INDEX('Base de données Mono'!M:M,MATCH(B66,'Base de données Mono'!D:D,0)) -> - | L66: =INDEX('Base de données Mono'!N:N,MATCH(B66,'Base de données Mono'!D:D,0)) -> - | M66: Hiver | N66: =IF(AND(E66="Electricité",M66="Hiver"),INDEX('Base de données Mono'!E:E,MATCH(B66,'Base de données Mono'!D:D,0)),IF(AND(E66="Electricité",M66="Mi-saison"),INDEX('Base de données Mono'!F:F,MATCH(B66,'Base de données Mono'!D:D,0)),IF(AND(E66="Electricité",M66="Eté"),INDEX('Base de données Mono'!G:G,MATCH(B66,'Base de données Mono'!D:D,0)),IF(AND(E66="Gaz",M66="Hiver"),INDEX('Base de données Mono'!J:J,MATCH(B66,'Base de données Mono'!D:D,0)),IF(AND(E66="Gaz",M66="Mi-saison"),INDEX('Base de données Mono'!#REF!,MATCH(B66,'Base de données Mono'!D:D,0)),IF(AND(E66="Gaz",M66="Eté"),INDEX('Base de données Mono'!#REF!,MATCH(B66,'Base de données Mono'!D:D,0)),"-")))))) -> 110 | O66: 45375 | P66: 45378 | Q66: 150 | R66: =IF(Q66="","",Q66-N66) -> 40 | S66: 9 | T66: =P66-O66 -> 3 | U66: =R66*S66*T66 -> 1080 | V66: - | W66: =IFERROR(IF(E66="Gaz","-",R66/N66),"-") -> 0.36363636 | X66: Nuit | Y66: Impact Client | Z66: CVC | AA66: CVC en marche forcée sur GTC
A67: =INDEX('Base de données Mono'!C:C,MATCH(B67,'Base de données Mono'!D:D,0)) -> ANNECY COURRIER | B67: MO0332 | C67: =INDEX('Base de données Mono'!B:B,MATCH(B67,'Base de données Mono'!D:D,0)) -> SES8 | D67: =INDEX('Base de données Mono'!A:A,MATCH(B67,'Base de données Mono'!D:D,0)) -> JG | E67: Electricité | F67: =IF(O67="","-",IF(AND(X67="Nuit",WEEKDAY(O67,2)=7,O67<>P67),WEEKNUM(O67,2),WEEKNUM(O67,2)-1))+1 -> 13 | G67: =IF(O67="","-",MONTH(O67)) -> 3 | I67: =INDEX('Base de données Mono'!K:K,MATCH(B67,'Base de données Mono'!D:D,0)) -> 0.20833333 | J67: =INDEX('Base de données Mono'!L:L,MATCH(B67,'Base de données Mono'!D:D,0)) -> 0.83333333 | K67: =INDEX('Base de données Mono'!M:M,MATCH(B67,'Base de données Mono'!D:D,0)) -> - | L67: =INDEX('Base de données Mono'!N:N,MATCH(B67,'Base de données Mono'!D:D,0)) -> - | M67: Hiver | N67: =IF(AND(E67="Electricité",M67="Hiver"),INDEX('Base de données Mono'!E:E,MATCH(B67,'Base de données Mono'!D:D,0)),IF(AND(E67="Electricité",M67="Mi-saison"),INDEX('Base de données Mono'!F:F,MATCH(B67,'Base de données Mono'!D:D,0)),IF(AND(E67="Electricité",M67="Eté"),INDEX('Base de données Mono'!G:G,MATCH(B67,'Base de données Mono'!D:D,0)),IF(AND(E67="Gaz",M67="Hiver"),INDEX('Base de données Mono'!J:J,MATCH(B67,'Base de données Mono'!D:D,0)),IF(AND(E67="Gaz",M67="Mi-saison"),INDEX('Base de données Mono'!#REF!,MATCH(B67,'Base de données Mono'!D:D,0)),IF(AND(E67="Gaz",M67="Eté"),INDEX('Base de données Mono'!#REF!,MATCH(B67,'Base de données Mono'!D:D,0)),"-")))))) -> 110 | O67: 45378 | P67: 45379 | Q67: 170 | R67: =IF(Q67="","",Q67-N67) -> 60 | S67: 9 | T67: =P67-O67 -> 1 | U67: =R67*S67*T67 -> 540 | V67: - | W67: =IFERROR(IF(E67="Gaz","-",R67/N67),"-") -> 0.54545455 | X67: Nuit | Y67: Impact Client | Z67: CVC | AA67: CVC en marche forcée sur GTC
A68: =INDEX('Base de données Mono'!C:C,MATCH(B68,'Base de données Mono'!D:D,0)) -> ANNECY COURRIER | B68: MO0332 | C68: =INDEX('Base de données Mono'!B:B,MATCH(B68,'Base de données Mono'!D:D,0)) -> SES8 | D68: =INDEX('Base de données Mono'!A:A,MATCH(B68,'Base de données Mono'!D:D,0)) -> JG | E68: Electricité | F68: =IF(O68="","-",IF(AND(X68="Nuit",WEEKDAY(O68,2)=7,O68<>P68),WEEKNUM(O68,2),WEEKNUM(O68,2)-1))+1 -> 13 | G68: =IF(O68="","-",MONTH(O68)) -> 3 | I68: =INDEX('Base de données Mono'!K:K,MATCH(B68,'Base de données Mono'!D:D,0)) -> 0.20833333 | J68: =INDEX('Base de données Mono'!L:L,MATCH(B68,'Base de données Mono'!D:D,0)) -> 0.83333333 | K68: =INDEX('Base de données Mono'!M:M,MATCH(B68,'Base de données Mono'!D:D,0)) -> - | L68: =INDEX('Base de données Mono'!N:N,MATCH(B68,'Base de données Mono'!D:D,0)) -> - | M68: Hiver | N68: =IF(AND(E68="Electricité",M68="Hiver"),INDEX('Base de données Mono'!E:E,MATCH(B68,'Base de données Mono'!D:D,0)),IF(AND(E68="Electricité",M68="Mi-saison"),INDEX('Base de données Mono'!F:F,MATCH(B68,'Base de données Mono'!D:D,0)),IF(AND(E68="Electricité",M68="Eté"),INDEX('Base de données Mono'!G:G,MATCH(B68,'Base de données Mono'!D:D,0)),IF(AND(E68="Gaz",M68="Hiver"),INDEX('Base de données Mono'!J:J,MATCH(B68,'Base de données Mono'!D:D,0)),IF(AND(E68="Gaz",M68="Mi-saison"),INDEX('Base de données Mono'!#REF!,MATCH(B68,'Base de données Mono'!D:D,0)),IF(AND(E68="Gaz",M68="Eté"),INDEX('Base de données Mono'!#REF!,MATCH(B68,'Base de données Mono'!D:D,0)),"-")))))) -> 110 | O68: 45379 | P68: 45382 | Q68: 150 | R68: =IF(Q68="","",Q68-N68) -> 40 | S68: 9 | T68: =P68-O68 -> 3 | U68: =R68*S68*T68 -> 1080 | V68: - | W68: =IFERROR(IF(E68="Gaz","-",R68/N68),"-") -> 0.36363636 | X68: Nuit | Y68: Impact Client | Z68: CVC | AA68: CVC en marche forcée sur GTC
A69: =INDEX('Base de données Mono'!C:C,MATCH(B69,'Base de données Mono'!D:D,0)) -> MARSEILLE CANNEBIERE | B69: MO0344 | C69: =INDEX('Base de données Mono'!B:B,MATCH(B69,'Base de données Mono'!D:D,0)) -> SES8 | D69: =INDEX('Base de données Mono'!A:A,MATCH(B69,'Base de données Mono'!D:D,0)) -> JG | E69: Electricité | F69: =IF(O69="","-",IF(AND(X69="Nuit",WEEKDAY(O69,2)=7,O69<>P69),WEEKNUM(O69,2),WEEKNUM(O69,2)-1))+1 -> 13 | G69: =IF(O69="","-",MONTH(O69)) -> 3 | H69: 7.75 | I69: =INDEX('Base de données Mono'!K:K,MATCH(B69,'Base de données Mono'!D:D,0)) -> 0.14583333 | J69: =INDEX('Base de données Mono'!L:L,MATCH(B69,'Base de données Mono'!D:D,0)) -> 0.875 | K69: =INDEX('Base de données Mono'!M:M,MATCH(B69,'Base de données Mono'!D:D,0)) -> 0.28472222 | L69: =INDEX('Base de données Mono'!N:N,MATCH(B69,'Base de données Mono'!D:D,0)) -> 0.54166667 | M69: Hiver | N69: =IF(AND(E69="Electricité",M69="Hiver"),INDEX('Base de données Mono'!E:E,MATCH(B69,'Base de données Mono'!D:D,0)),IF(AND(E69="Electricité",M69="Mi-saison"),INDEX('Base de données Mono'!F:F,MATCH(B69,'Base de données Mono'!D:D,0)),IF(AND(E69="Electricité",M69="Eté"),INDEX('Base de données Mono'!G:G,MATCH(B69,'Base de données Mono'!D:D,0)),IF(AND(E69="Gaz",M69="Hiver"),INDEX('Base de données Mono'!J:J,MATCH(B69,'Base de données Mono'!D:D,0)),IF(AND(E69="Gaz",M69="Mi-saison"),INDEX('Base de données Mono'!#REF!,MATCH(B69,'Base de données Mono'!D:D,0)),IF(AND(E69="Gaz",M69="Eté"),INDEX('Base de données Mono'!#REF!,MATCH(B69,'Base de données Mono'!D:D,0)),"-")))))) -> 110 | O69: 45378 | P69: 45380 | Q69: 125 | R69: =IF(Q69="","",Q69-N69) -> 15 | S69: 6.5 | T69: =P69-O69 -> 2 | U69: =R69*S69*T69 -> 195 | V69: - | W69: =IFERROR(IF(E69="Gaz","-",R69/N69),"-") -> 0.13636364 | X69: Nuit | Y69: Impact Client | Z69: CVC | AA69: CVC en marche forcée sur GTC
A70: =INDEX('Base de données Mono'!C:C,MATCH(B70,'Base de données Mono'!D:D,0)) -> MARSEILLE CANNEBIERE | B70: MO0344 | C70: =INDEX('Base de données Mono'!B:B,MATCH(B70,'Base de données Mono'!D:D,0)) -> SES8 | D70: =INDEX('Base de données Mono'!A:A,MATCH(B70,'Base de données Mono'!D:D,0)) -> JG | E70: Electricité | F70: =IF(O70="","-",IF(AND(X70="Nuit",WEEKDAY(O70,2)=7,O70<>P70),WEEKNUM(O70,2),WEEKNUM(O70,2)-1))+1 -> 13 | G70: =IF(O70="","-",MONTH(O70)) -> 3 | H70: 10.5 | I70: =INDEX('Base de données Mono'!K:K,MATCH(B70,'Base de données Mono'!D:D,0)) -> 0.14583333 | J70: =INDEX('Base de données Mono'!L:L,MATCH(B70,'Base de données Mono'!D:D,0)) -> 0.875 | K70: =INDEX('Base de données Mono'!M:M,MATCH(B70,'Base de données Mono'!D:D,0)) -> 0.28472222 | L70: =INDEX('Base de données Mono'!N:N,MATCH(B70,'Base de données Mono'!D:D,0)) -> 0.54166667 | M70: Hiver | N70: =IF(AND(E70="Electricité",M70="Hiver"),INDEX('Base de données Mono'!E:E,MATCH(B70,'Base de données Mono'!D:D,0)),IF(AND(E70="Electricité",M70="Mi-saison"),INDEX('Base de données Mono'!F:F,MATCH(B70,'Base de données Mono'!D:D,0)),IF(AND(E70="Electricité",M70="Eté"),INDEX('Base de données Mono'!G:G,MATCH(B70,'Base de données Mono'!D:D,0)),IF(AND(E70="Gaz",M70="Hiver"),INDEX('Base de données Mono'!J:J,MATCH(B70,'Base de données Mono'!D:D,0)),IF(AND(E70="Gaz",M70="Mi-saison"),INDEX('Base de données Mono'!#REF!,MATCH(B70,'Base de données Mono'!D:D,0)),IF(AND(E70="Gaz",M70="Eté"),INDEX('Base de données Mono'!#REF!,MATCH(B70,'Base de données Mono'!D:D,0)),"-")))))) -> 110 | O70: 45381 | P70: 45382 | Q70: 120 | R70: =IF(Q70="","",Q70-N70) -> 10 | S70: 2 | T70: =P70-O70 -> 1 | U70: =R70*S70*T70 -> 20 | V70: - | W70: =IFERROR(IF(E70="Gaz","-",R70/N70),"-") -> 0.090909091 | X70: Nuit | Y70: Impact Client | Z70: CVC | AA70: CVC en marche forcée sur GTC
A71: =INDEX('Base de données Mono'!C:C,MATCH(B71,'Base de données Mono'!D:D,0)) -> OULLINS | B71: MO0426 | C71: =INDEX('Base de données Mono'!B:B,MATCH(B71,'Base de données Mono'!D:D,0)) -> SES8 | D71: =INDEX('Base de données Mono'!A:A,MATCH(B71,'Base de données Mono'!D:D,0)) -> JG | E71: Electricité | F71: =IF(O71="","-",IF(AND(X71="Nuit",WEEKDAY(O71,2)=7,O71<>P71),WEEKNUM(O71,2),WEEKNUM(O71,2)-1))+1 -> 13 | G71: =IF(O71="","-",MONTH(O71)) -> 3 | H71: 9.5 | I71: =INDEX('Base de données Mono'!K:K,MATCH(B71,'Base de données Mono'!D:D,0)) -> 0.1875 | J71: =INDEX('Base de données Mono'!L:L,MATCH(B71,'Base de données Mono'!D:D,0)) -> 0.83333333 | K71: =INDEX('Base de données Mono'!M:M,MATCH(B71,'Base de données Mono'!D:D,0)) -> 0.27083333 | L71: =INDEX('Base de données Mono'!N:N,MATCH(B71,'Base de données Mono'!D:D,0)) -> 0.8125 | M71: Hiver | N71: =IF(AND(E71="Electricité",M71="Hiver"),INDEX('Base de données Mono'!E:E,MATCH(B71,'Base de données Mono'!D:D,0)),IF(AND(E71="Electricité",M71="Mi-saison"),INDEX('Base de données Mono'!F:F,MATCH(B71,'Base de données Mono'!D:D,0)),IF(AND(E71="Electricité",M71="Eté"),INDEX('Base de données Mono'!G:G,MATCH(B71,'Base de données Mono'!D:D,0)),IF(AND(E71="Gaz",M71="Hiver"),INDEX('Base de données Mono'!J:J,MATCH(B71,'Base de données Mono'!D:D,0)),IF(AND(E71="Gaz",M71="Mi-saison"),INDEX('Base de données Mono'!#REF!,MATCH(B71,'Base de données Mono'!D:D,0)),IF(AND(E71="Gaz",M71="Eté"),INDEX('Base de données Mono'!#REF!,MATCH(B71,'Base de données Mono'!D:D,0)),"-")))))) -> 40 | O71: 45375 | P71: 45382 | Q71: 70 | R71: =IF(Q71="","",Q71-N71) -> 30 | S71: 0.3 | T71: =P71-O71 -> 7 | U71: =R71*S71*T71 -> 63 | V71: - | W71: =IFERROR(IF(E71="Gaz","-",R71/N71),"-") -> 0.75 | X71: Nuit | Y71: Impact Client | Z71: Changement de comportement | AA71: Ouverture prolongée
A72: =INDEX('Base de données Mono'!C:C,MATCH(B72,'Base de données Mono'!D:D,0)) -> OULLINS | B72: MO0426 | C72: =INDEX('Base de données Mono'!B:B,MATCH(B72,'Base de données Mono'!D:D,0)) -> SES8 | D72: =INDEX('Base de données Mono'!A:A,MATCH(B72,'Base de données Mono'!D:D,0)) -> JG | E72: Electricité | F72: =IF(O72="","-",IF(AND(X72="Nuit",WEEKDAY(O72,2)=7,O72<>P72),WEEKNUM(O72,2),WEEKNUM(O72,2)-1))+1 -> 13 | G72: =IF(O72="","-",MONTH(O72)) -> 3 | H72: 10.5 | I72: =INDEX('Base de données Mono'!K:K,MATCH(B72,'Base de données Mono'!D:D,0)) -> 0.1875 | J72: =INDEX('Base de données Mono'!L:L,MATCH(B72,'Base de données Mono'!D:D,0)) -> 0.83333333 | K72: =INDEX('Base de données Mono'!M:M,MATCH(B72,'Base de données Mono'!D:D,0)) -> 0.27083333 | L72: =INDEX('Base de données Mono'!N:N,MATCH(B72,'Base de données Mono'!D:D,0)) -> 0.8125 | M72: Hiver | N72: =IF(AND(E72="Electricité",M72="Hiver"),INDEX('Base de données Mono'!E:E,MATCH(B72,'Base de données Mono'!D:D,0)),IF(AND(E72="Electricité",M72="Mi-saison"),INDEX('Base de données Mono'!F:F,MATCH(B72,'Base de données Mono'!D:D,0)),IF(AND(E72="Electricité",M72="Eté"),INDEX('Base de données Mono'!G:G,MATCH(B72,'Base de données Mono'!D:D,0)),IF(AND(E72="Gaz",M72="Hiver"),INDEX('Base de données Mono'!J:J,MATCH(B72,'Base de données Mono'!D:D,0)),IF(AND(E72="Gaz",M72="Mi-saison"),INDEX('Base de données Mono'!#REF!,MATCH(B72,'Base de données Mono'!D:D,0)),IF(AND(E72="Gaz",M72="Eté"),INDEX('Base de données Mono'!#REF!,MATCH(B72,'Base de données Mono'!D:D,0)),"-")))))) -> 40 | O72: 45375 | P72: 45382 | Q72: 50 | R72: =IF(Q72="","",Q72-N72) -> 10 | S72: 8.2 | T72: =P72-O72 -> 7 | U72: =R72*S72*T72 -> 574 | V72: - | W72: =IFERROR(IF(E72="Gaz","-",R72/N72),"-") -> 0.25 | X72: Nuit | Y72: Impact Client | Z72: CVC | AA72: CVC en marche forcée sur GTC
A73: =INDEX('Base de données Mono'!C:C,MATCH(B73,'Base de données Mono'!D:D,0)) -> POITIERS | B73: MO0514 | C73: =INDEX('Base de données Mono'!B:B,MATCH(B73,'Base de données Mono'!D:D,0)) -> SES8 | D73: =INDEX('Base de données Mono'!A:A,MATCH(B73,'Base de données Mono'!D:D,0)) -> AD | E73: Electricité | F73: =IF(O73="","-",IF(AND(X73="Nuit",WEEKDAY(O73,2)=7,O73<>P73),WEEKNUM(O73,2),WEEKNUM(O73,2)-1))+1 -> 13 | G73: =IF(O73="","-",MONTH(O73)) -> 3 | H73: 10.5 | I73: =INDEX('Base de données Mono'!K:K,MATCH(B73,'Base de données Mono'!D:D,0)) -> 0.22916667 | J73: =INDEX('Base de données Mono'!L:L,MATCH(B73,'Base de données Mono'!D:D,0)) -> 0.875 | K73: =INDEX('Base de données Mono'!M:M,MATCH(B73,'Base de données Mono'!D:D,0)) -> 0.22916667 | L73: =INDEX('Base de données Mono'!N:N,MATCH(B73,'Base de données Mono'!D:D,0)) -> 0.54166667 | M73: Hiver | N73: =IF(AND(E73="Electricité",M73="Hiver"),INDEX('Base de données Mono'!E:E,MATCH(B73,'Base de données Mono'!D:D,0)),IF(AND(E73="Electricité",M73="Mi-saison"),INDEX('Base de données Mono'!F:F,MATCH(B73,'Base de données Mono'!D:D,0)),IF(AND(E73="Electricité",M73="Eté"),INDEX('Base de données Mono'!G:G,MATCH(B73,'Base de données Mono'!D:D,0)),IF(AND(E73="Gaz",M73="Hiver"),INDEX('Base de données Mono'!J:J,MATCH(B73,'Base de données Mono'!D:D,0)),IF(AND(E73="Gaz",M73="Mi-saison"),INDEX('Base de données Mono'!#REF!,MATCH(B73,'Base de données Mono'!D:D,0)),IF(AND(E73="Gaz",M73="Eté"),INDEX('Base de données Mono'!#REF!,MATCH(B73,'Base de données Mono'!D:D,0)),"-")))))) -> 80 | O73: 45375 | P73: 45382 | Q73: 90 | R73: =IF(Q73="","",Q73-N73) -> 10 | S73: 7 | T73: =P73-O73 -> 7 | U73: =R73*S73*T73 -> 490 | V73: - | W73: =IFERROR(IF(E73="Gaz","-",R73/N73),"-") -> 0.125 | X73: Nuit | Y73: Impact Client | Z73: CVC | AA73: CVC en marche forcée sur GTC
A74: =INDEX('Base de données Mono'!C:C,MATCH(B74,'Base de données Mono'!D:D,0)) -> MONTREUIL | B74: MO0522 | C74: =INDEX('Base de données Mono'!B:B,MATCH(B74,'Base de données Mono'!D:D,0)) -> SES8 | D74: =INDEX('Base de données Mono'!A:A,MATCH(B74,'Base de données Mono'!D:D,0)) -> JG | E74: Electricité | F74: =IF(O74="","-",IF(AND(X74="Nuit",WEEKDAY(O74,2)=7,O74<>P74),WEEKNUM(O74,2),WEEKNUM(O74,2)-1))+1 -> 13 | G74: =IF(O74="","-",MONTH(O74)) -> 3 | H74: 10.5 | I74: =INDEX('Base de données Mono'!K:K,MATCH(B74,'Base de données Mono'!D:D,0)) -> 0.24305556 | J74: =INDEX('Base de données Mono'!L:L,MATCH(B74,'Base de données Mono'!D:D,0)) -> 0.875 | K74: =INDEX('Base de données Mono'!M:M,MATCH(B74,'Base de données Mono'!D:D,0)) -> 0.27083333 | L74: =INDEX('Base de données Mono'!N:N,MATCH(B74,'Base de données Mono'!D:D,0)) -> 0.55902778 | M74: Hiver | N74: =IF(AND(E74="Electricité",M74="Hiver"),INDEX('Base de données Mono'!E:E,MATCH(B74,'Base de données Mono'!D:D,0)),IF(AND(E74="Electricité",M74="Mi-saison"),INDEX('Base de données Mono'!F:F,MATCH(B74,'Base de données Mono'!D:D,0)),IF(AND(E74="Electricité",M74="Eté"),INDEX('Base de données Mono'!G:G,MATCH(B74,'Base de données Mono'!D:D,0)),IF(AND(E74="Gaz",M74="Hiver"),INDEX('Base de données Mono'!J:J,MATCH(B74,'Base de données Mono'!D:D,0)),IF(AND(E74="Gaz",M74="Mi-saison"),INDEX('Base de données Mono'!#REF!,MATCH(B74,'Base de données Mono'!D:D,0)),IF(AND(E74="Gaz",M74="Eté"),INDEX('Base de données Mono'!#REF!,MATCH(B74,'Base de données Mono'!D:D,0)),"-")))))) -> 95 | O74: 45375 | P74: 45382 | Q74: 110 | R74: =IF(Q74="","",Q74-N74) -> 15 | S74: 8.8 | T74: =P74-O74 -> 7 | U74: =R74*S74*T74 -> 924 | V74: - | W74: =IFERROR(IF(E74="Gaz","-",R74/N74),"-") -> 0.15789474 | X74: Nuit | Y74: Impact Client | Z74: CVC | AA74: CVC en marche forcée sur GTC
A75: =INDEX('Base de données Mono'!C:C,MATCH(B75,'Base de données Mono'!D:D,0)) -> MONTREUIL | B75: MO0522 | C75: =INDEX('Base de données Mono'!B:B,MATCH(B75,'Base de données Mono'!D:D,0)) -> SES8 | D75: =INDEX('Base de données Mono'!A:A,MATCH(B75,'Base de données Mono'!D:D,0)) -> JG | E75: Electricité | F75: =IF(O75="","-",IF(AND(X75="Nuit",WEEKDAY(O75,2)=7,O75<>P75),WEEKNUM(O75,2),WEEKNUM(O75,2)-1))+1 -> 13 | G75: =IF(O75="","-",MONTH(O75)) -> 3 | H75: 10.5 | I75: =INDEX('Base de données Mono'!K:K,MATCH(B75,'Base de données Mono'!D:D,0)) -> 0.24305556 | J75: =INDEX('Base de données Mono'!L:L,MATCH(B75,'Base de données Mono'!D:D,0)) -> 0.875 | K75: =INDEX('Base de données Mono'!M:M,MATCH(B75,'Base de données Mono'!D:D,0)) -> 0.27083333 | L75: =INDEX('Base de données Mono'!N:N,MATCH(B75,'Base de données Mono'!D:D,0)) -> 0.55902778 | M75: Hiver | N75: =IF(AND(E75="Electricité",M75="Hiver"),INDEX('Base de données Mono'!E:E,MATCH(B75,'Base de données Mono'!D:D,0)),IF(AND(E75="Electricité",M75="Mi-saison"),INDEX('Base de données Mono'!F:F,MATCH(B75,'Base de données Mono'!D:D,0)),IF(AND(E75="Electricité",M75="Eté"),INDEX('Base de données Mono'!G:G,MATCH(B75,'Base de données Mono'!D:D,0)),IF(AND(E75="Gaz",M75="Hiver"),INDEX('Base de données Mono'!J:J,MATCH(B75,'Base de données Mono'!D:D,0)),IF(AND(E75="Gaz",M75="Mi-saison"),INDEX('Base de données Mono'!#REF!,MATCH(B75,'Base de données Mono'!D:D,0)),IF(AND(E75="Gaz",M75="Eté"),INDEX('Base de données Mono'!#REF!,MATCH(B75,'Base de données Mono'!D:D,0)),"-")))))) -> 95 | O75: 45375 | P75: 45382 | Q75: 140 | R75: =IF(Q75="","",Q75-N75) -> 45 | S75: 0.8 | T75: =P75-O75 -> 7 | U75: =R75*S75*T75 -> 252 | V75: - | W75: =IFERROR(IF(E75="Gaz","-",R75/N75),"-") -> 0.47368421 | X75: Nuit | Y75: Impact Client | Z75: Changement de comportement | AA75: Ouverture prolongée
A76: =INDEX('Base de données Mono'!C:C,MATCH(B76,'Base de données Mono'!D:D,0)) -> MONTREUIL | B76: MO0522 | C76: =INDEX('Base de données Mono'!B:B,MATCH(B76,'Base de données Mono'!D:D,0)) -> SES8 | D76: =INDEX('Base de données Mono'!A:A,MATCH(B76,'Base de données Mono'!D:D,0)) -> JG | E76: Electricité | F76: =IF(O76="","-",IF(AND(X76="Nuit",WEEKDAY(O76,2)=7,O76<>P76),WEEKNUM(O76,2),WEEKNUM(O76,2)-1))+1 -> 13 | G76: =IF(O76="","-",MONTH(O76)) -> 3 | H76: 10 | I76: =INDEX('Base de données Mono'!K:K,MATCH(B76,'Base de données Mono'!D:D,0)) -> 0.24305556 | J76: =INDEX('Base de données Mono'!L:L,MATCH(B76,'Base de données Mono'!D:D,0)) -> 0.875 | K76: =INDEX('Base de données Mono'!M:M,MATCH(B76,'Base de données Mono'!D:D,0)) -> 0.27083333 | L76: =INDEX('Base de données Mono'!N:N,MATCH(B76,'Base de données Mono'!D:D,0)) -> 0.55902778 | M76: Hiver | N76: =IF(AND(E76="Electricité",M76="Hiver"),INDEX('Base de données Mono'!E:E,MATCH(B76,'Base de données Mono'!D:D,0)),IF(AND(E76="Electricité",M76="Mi-saison"),INDEX('Base de données Mono'!F:F,MATCH(B76,'Base de données Mono'!D:D,0)),IF(AND(E76="Electricité",M76="Eté"),INDEX('Base de données Mono'!G:G,MATCH(B76,'Base de données Mono'!D:D,0)),IF(AND(E76="Gaz",M76="Hiver"),INDEX('Base de données Mono'!J:J,MATCH(B76,'Base de données Mono'!D:D,0)),IF(AND(E76="Gaz",M76="Mi-saison"),INDEX('Base de données Mono'!#REF!,MATCH(B76,'Base de données Mono'!D:D,0)),IF(AND(E76="Gaz",M76="Eté"),INDEX('Base de données Mono'!#REF!,MATCH(B76,'Base de données Mono'!D:D,0)),"-")))))) -> 95 | O76: 45375 | P76: 45382 | Q76: 110 | R76: =IF(Q76="","",Q76-N76) -> 15 | S76: 8 | T76: =P76-O76 -> 7 | U76: =R76*S76*T76 -> 840 | V76: - | W76: =IFERROR(IF(E76="Gaz","-",R76/N76),"-") -> 0.15789474 | X76: Nuit | Y76: Impact Client | Z76: CVC | AA76: CVC en marche forcée sur GTC
A77: =INDEX('Base de données Mono'!C:C,MATCH(B77,'Base de données Mono'!D:D,0)) -> PLACE DES FETES | B77: MO0555 | C77: =INDEX('Base de données Mono'!B:B,MATCH(B77,'Base de données Mono'!D:D,0)) -> SES8 | D77: =INDEX('Base de données Mono'!A:A,MATCH(B77,'Base de données Mono'!D:D,0)) -> AD | E77: Electricité | F77: =IF(O77="","-",IF(AND(X77="Nuit",WEEKDAY(O77,2)=7,O77<>P77),WEEKNUM(O77,2),WEEKNUM(O77,2)-1))+1 -> 13 | G77: =IF(O77="","-",MONTH(O77)) -> 3 | H77: 10 | I77: =INDEX('Base de données Mono'!K:K,MATCH(B77,'Base de données Mono'!D:D,0)) -> 0.22916667 | J77: =INDEX('Base de données Mono'!L:L,MATCH(B77,'Base de données Mono'!D:D,0)) -> 0.86111111 | K77: =INDEX('Base de données Mono'!M:M,MATCH(B77,'Base de données Mono'!D:D,0)) -> 0.27777778 | L77: =INDEX('Base de données Mono'!N:N,MATCH(B77,'Base de données Mono'!D:D,0)) -> 0.77777778 | M77: Hiver | N77: =IF(AND(E77="Electricité",M77="Hiver"),INDEX('Base de données Mono'!E:E,MATCH(B77,'Base de données Mono'!D:D,0)),IF(AND(E77="Electricité",M77="Mi-saison"),INDEX('Base de données Mono'!F:F,MATCH(B77,'Base de données Mono'!D:D,0)),IF(AND(E77="Electricité",M77="Eté"),INDEX('Base de données Mono'!G:G,MATCH(B77,'Base de données Mono'!D:D,0)),IF(AND(E77="Gaz",M77="Hiver"),INDEX('Base de données Mono'!J:J,MATCH(B77,'Base de données Mono'!D:D,0)),IF(AND(E77="Gaz",M77="Mi-saison"),INDEX('Base de données Mono'!#REF!,MATCH(B77,'Base de données Mono'!D:D,0)),IF(AND(E77="Gaz",M77="Eté"),INDEX('Base de données Mono'!#REF!,MATCH(B77,'Base de données Mono'!D:D,0)),"-")))))) -> 80 | O77: 45375 | P77: 45377 | Q77: 115 | R77: =IF(Q77="","",Q77-N77) -> 35 | S77: 0.3 | T77: =P77-O77 -> 2 | U77: =R77*S77*T77 -> 21 | V77: - | W77: =IFERROR(IF(E77="Gaz","-",R77/N77),"-") -> 0.4375 | X77: Nuit | Y77: Impact Client | Z77: CVC | AA77: CVC en marche forcée sur GTC
A78: =INDEX('Base de données Mono'!C:C,MATCH(B78,'Base de données Mono'!D:D,0)) -> PLACE DES FETES | B78: MO0555 | C78: =INDEX('Base de données Mono'!B:B,MATCH(B78,'Base de données Mono'!D:D,0)) -> SES8 | D78: =INDEX('Base de données Mono'!A:A,MATCH(B78,'Base de données Mono'!D:D,0)) -> AD | E78: Electricité | F78: =IF(O78="","-",IF(AND(X78="Nuit",WEEKDAY(O78,2)=7,O78<>P78),WEEKNUM(O78,2),WEEKNUM(O78,2)-1))+1 -> 13 | G78: =IF(O78="","-",MONTH(O78)) -> 3 | H78: 10 | I78: =INDEX('Base de données Mono'!K:K,MATCH(B78,'Base de données Mono'!D:D,0)) -> 0.22916667 | J78: =INDEX('Base de données Mono'!L:L,MATCH(B78,'Base de données Mono'!D:D,0)) -> 0.86111111 | K78: =INDEX('Base de données Mono'!M:M,MATCH(B78,'Base de données Mono'!D:D,0)) -> 0.27777778 | L78: =INDEX('Base de données Mono'!N:N,MATCH(B78,'Base de données Mono'!D:D,0)) -> 0.77777778 | M78: Hiver | N78: =IF(AND(E78="Electricité",M78="Hiver"),INDEX('Base de données Mono'!E:E,MATCH(B78,'Base de données Mono'!D:D,0)),IF(AND(E78="Electricité",M78="Mi-saison"),INDEX('Base de données Mono'!F:F,MATCH(B78,'Base de données Mono'!D:D,0)),IF(AND(E78="Electricité",M78="Eté"),INDEX('Base de données Mono'!G:G,MATCH(B78,'Base de données Mono'!D:D,0)),IF(AND(E78="Gaz",M78="Hiver"),INDEX('Base de données Mono'!J:J,MATCH(B78,'Base de données Mono'!D:D,0)),IF(AND(E78="Gaz",M78="Mi-saison"),INDEX('Base de données Mono'!#REF!,MATCH(B78,'Base de données Mono'!D:D,0)),IF(AND(E78="Gaz",M78="Eté"),INDEX('Base de données Mono'!#REF!,MATCH(B78,'Base de données Mono'!D:D,0)),"-")))))) -> 80 | O78: 45377 | P78: 45380 | Q78: 120 | R78: =IF(Q78="","",Q78-N78) -> 40 | S78: 8.8 | T78: =P78-O78 -> 3 | U78: =R78*S78*T78 -> 1056 | V78: - | W78: =IFERROR(IF(E78="Gaz","-",R78/N78),"-") -> 0.5 | X78: Nuit | Y78: Impact Client | Z78: Eclairage | AA78: éclairage en marche forcée sur GTC
A79: =INDEX('Base de données Mono'!C:C,MATCH(B79,'Base de données Mono'!D:D,0)) -> PLACE DES FETES | B79: MO0555 | C79: =INDEX('Base de données Mono'!B:B,MATCH(B79,'Base de données Mono'!D:D,0)) -> SES8 | D79: =INDEX('Base de données Mono'!A:A,MATCH(B79,'Base de données Mono'!D:D,0)) -> AD | E79: Electricité | F79: =IF(O79="","-",IF(AND(X79="Nuit",WEEKDAY(O79,2)=7,O79<>P79),WEEKNUM(O79,2),WEEKNUM(O79,2)-1))+1 -> 13 | G79: =IF(O79="","-",MONTH(O79)) -> 3 | H79: 10 | I79: =INDEX('Base de données Mono'!K:K,MATCH(B79,'Base de données Mono'!D:D,0)) -> 0.22916667 | J79: =INDEX('Base de données Mono'!L:L,MATCH(B79,'Base de données Mono'!D:D,0)) -> 0.86111111 | K79: =INDEX('Base de données Mono'!M:M,MATCH(B79,'Base de données Mono'!D:D,0)) -> 0.27777778 | L79: =INDEX('Base de données Mono'!N:N,MATCH(B79,'Base de données Mono'!D:D,0)) -> 0.77777778 | M79: Hiver | N79: =IF(AND(E79="Electricité",M79="Hiver"),INDEX('Base de données Mono'!E:E,MATCH(B79,'Base de données Mono'!D:D,0)),IF(AND(E79="Electricité",M79="Mi-saison"),INDEX('Base de données Mono'!F:F,MATCH(B79,'Base de données Mono'!D:D,0)),IF(AND(E79="Electricité",M79="Eté"),INDEX('Base de données Mono'!G:G,MATCH(B79,'Base de données Mono'!D:D,0)),IF(AND(E79="Gaz",M79="Hiver"),INDEX('Base de données Mono'!J:J,MATCH(B79,'Base de données Mono'!D:D,0)),IF(AND(E79="Gaz",M79="Mi-saison"),INDEX('Base de données Mono'!#REF!,MATCH(B79,'Base de données Mono'!D:D,0)),IF(AND(E79="Gaz",M79="Eté"),INDEX('Base de données Mono'!#REF!,MATCH(B79,'Base de données Mono'!D:D,0)),"-")))))) -> 80 | O79: 45380 | P79: 45382 | Q79: 130 | R79: =IF(Q79="","",Q79-N79) -> 50 | S79: 0.3 | T79: =P79-O79 -> 2 | U79: =R79*S79*T79 -> 30 | V79: - | W79: =IFERROR(IF(E79="Gaz","-",R79/N79),"-") -> 0.625 | X79: Nuit | Y79: Impact Client | Z79: Changement de comportement | AA79: Ouverture prolongée
A80: =INDEX('Base de données Mono'!C:C,MATCH(B80,'Base de données Mono'!D:D,0)) -> PLACE DES FETES | B80: MO0555 | C80: =INDEX('Base de données Mono'!B:B,MATCH(B80,'Base de données Mono'!D:D,0)) -> SES8 | D80: =INDEX('Base de données Mono'!A:A,MATCH(B80,'Base de données Mono'!D:D,0)) -> AD | E80: Electricité | F80: =IF(O80="","-",IF(AND(X80="Nuit",WEEKDAY(O80,2)=7,O80<>P80),WEEKNUM(O80,2),WEEKNUM(O80,2)-1))+1 -> 13 | G80: =IF(O80="","-",MONTH(O80)) -> 3 | H80: 10 | I80: =INDEX('Base de données Mono'!K:K,MATCH(B80,'Base de données Mono'!D:D,0)) -> 0.22916667 | J80: =INDEX('Base de données Mono'!L:L,MATCH(B80,'Base de données Mono'!D:D,0)) -> 0.86111111 | K80: =INDEX('Base de données Mono'!M:M,MATCH(B80,'Base de données Mono'!D:D,0)) -> 0.27777778 | L80: =INDEX('Base de données Mono'!N:N,MATCH(B80,'Base de données Mono'!D:D,0)) -> 0.77777778 | M80: Hiver | N80: =IF(AND(E80="Electricité",M80="Hiver"),INDEX('Base de données Mono'!E:E,MATCH(B80,'Base de données Mono'!D:D,0)),IF(AND(E80="Electricité",M80="Mi-saison"),INDEX('Base de données Mono'!F:F,MATCH(B80,'Base de données Mono'!D:D,0)),IF(AND(E80="Electricité",M80="Eté"),INDEX('Base de données Mono'!G:G,MATCH(B80,'Base de données Mono'!D:D,0)),IF(AND(E80="Gaz",M80="Hiver"),INDEX('Base de données Mono'!J:J,MATCH(B80,'Base de données Mono'!D:D,0)),IF(AND(E80="Gaz",M80="Mi-saison"),INDEX('Base de données Mono'!#REF!,MATCH(B80,'Base de données Mono'!D:D,0)),IF(AND(E80="Gaz",M80="Eté"),INDEX('Base de données Mono'!#REF!,MATCH(B80,'Base de données Mono'!D:D,0)),"-")))))) -> 80 | O80: 45380 | P80: 45382 | Q80: 110 | R80: =IF(Q80="","",Q80-N80) -> 30 | S80: 0.3 | T80: =P80-O80 -> 2 | U80: =R80*S80*T80 -> 18 | V80: - | W80: =IFERROR(IF(E80="Gaz","-",R80/N80),"-") -> 0.375 | X80: Nuit | Y80: Impact Client | Z80: CVC | AA80: CVC en marche forcée sur GTC
... A91: =INDEX('Base de données Mono'!C:C,MATCH(B91,'Base de données Mono'!D:D,0)) -> UNI POTEAU | B91: MO1162 | C91: =INDEX('Base de données Mono'!B:B,MATCH(B91,'Base de données Mono'!D:D,0)) -> SES8 | D91: =INDEX('Base de données Mono'!A:A,MATCH(B91,'Base de données Mono'!D:D,0)) -> JG | E91: Electricité | F91: =IF(O91="","-",IF(AND(X91="Nuit",WEEKDAY(O91,2)=7,O91<>P91),WEEKNUM(O91,2),WEEKNUM(O91,2)-1))+1 -> 13 | G91: =IF(O91="","-",MONTH(O91)) -> 3 | H91: 8 | I91: =INDEX('Base de données Mono'!K:K,MATCH(B91,'Base de données Mono'!D:D,0)) -> 0.20138889 | J91: =INDEX('Base de données Mono'!L:L,MATCH(B91,'Base de données Mono'!D:D,0)) -> 0.92013889 | K91: =INDEX('Base de données Mono'!M:M,MATCH(B91,'Base de données Mono'!D:D,0)) -> 0.27777778 | L91: =INDEX('Base de données Mono'!N:N,MATCH(B91,'Base de données Mono'!D:D,0)) -> 0.55208333 | M91: Hiver | N91: =IF(AND(E91="Electricité",M91="Hiver"),INDEX('Base de données Mono'!E:E,MATCH(B91,'Base de données Mono'!D:D,0)),IF(AND(E91="Electricité",M91="Mi-saison"),INDEX('Base de données Mono'!F:F,MATCH(B91,'Base de données Mono'!D:D,0)),IF(AND(E91="Electricité",M91="Eté"),INDEX('Base de données Mono'!G:G,MATCH(B91,'Base de données Mono'!D:D,0)),IF(AND(E91="Gaz",M91="Hiver"),INDEX('Base de données Mono'!J:J,MATCH(B91,'Base de données Mono'!D:D,0)),IF(AND(E91="Gaz",M91="Mi-saison"),INDEX('Base de données Mono'!#REF!,MATCH(B91,'Base de données Mono'!D:D,0)),IF(AND(E91="Gaz",M91="Eté"),INDEX('Base de données Mono'!#REF!,MATCH(B91,'Base de données Mono'!D:D,0)),"-")))))) -> 70 | O91: 45376 | P91: 45378 | Q91: 100 | R91: =IF(Q91="","",Q91-N91) -> 30 | S91: 4 | T91: =P91-O91 -> 2 | U91: =R91*S91*T91 -> 240 | V91: - | W91: =IFERROR(IF(E91="Gaz","-",R91/N91),"-") -> 0.42857143 | X91: Nuit | Y91: Impact Client | Z91: Eclairage | AA91: éclairage en marche forcée sur GTC
A92: =INDEX('Base de données Mono'!C:C,MATCH(B92,'Base de données Mono'!D:D,0)) -> UNI POTEAU | B92: MO1162 | C92: =INDEX('Base de données Mono'!B:B,MATCH(B92,'Base de données Mono'!D:D,0)) -> SES8 | D92: =INDEX('Base de données Mono'!A:A,MATCH(B92,'Base de données Mono'!D:D,0)) -> JG | E92: Electricité | F92: =IF(O92="","-",IF(AND(X92="Nuit",WEEKDAY(O92,2)=7,O92<>P92),WEEKNUM(O92,2),WEEKNUM(O92,2)-1))+1 -> 13 | G92: =IF(O92="","-",MONTH(O92)) -> 3 | H92: 8 | I92: =INDEX('Base de données Mono'!K:K,MATCH(B92,'Base de données Mono'!D:D,0)) -> 0.20138889 | J92: =INDEX('Base de données Mono'!L:L,MATCH(B92,'Base de données Mono'!D:D,0)) -> 0.92013889 | K92: =INDEX('Base de données Mono'!M:M,MATCH(B92,'Base de données Mono'!D:D,0)) -> 0.27777778 | L92: =INDEX('Base de données Mono'!N:N,MATCH(B92,'Base de données Mono'!D:D,0)) -> 0.55208333 | M92: Hiver | N92: =IF(AND(E92="Electricité",M92="Hiver"),INDEX('Base de données Mono'!E:E,MATCH(B92,'Base de données Mono'!D:D,0)),IF(AND(E92="Electricité",M92="Mi-saison"),INDEX('Base de données Mono'!F:F,MATCH(B92,'Base de données Mono'!D:D,0)),IF(AND(E92="Electricité",M92="Eté"),INDEX('Base de données Mono'!G:G,MATCH(B92,'Base de données Mono'!D:D,0)),IF(AND(E92="Gaz",M92="Hiver"),INDEX('Base de données Mono'!J:J,MATCH(B92,'Base de données Mono'!D:D,0)),IF(AND(E92="Gaz",M92="Mi-saison"),INDEX('Base de données Mono'!#REF!,MATCH(B92,'Base de données Mono'!D:D,0)),IF(AND(E92="Gaz",M92="Eté"),INDEX('Base de données Mono'!#REF!,MATCH(B92,'Base de données Mono'!D:D,0)),"-")))))) -> 70 | O92: 45382 | P92: 45382 | Q92: 95 | R92: =IF(Q92="","",Q92-N92) -> 25 | S92: 6.5 | T92: 1 | U92: =R92*S92*T92 -> 162.5 | V92: - | W92: =IFERROR(IF(E92="Gaz","-",R92/N92),"-") -> 0.35714286 | X92: Dim | Y92: Impact Client | Z92: Changement de comportement | AA92: Ouverture dimanche
A93: =INDEX('Base de données Mono'!C:C,MATCH(B93,'Base de données Mono'!D:D,0)) -> GRENOBLE CASERNE | B93: MO2317 | C93: =INDEX('Base de données Mono'!B:B,MATCH(B93,'Base de données Mono'!D:D,0)) -> SES8 | D93: =INDEX('Base de données Mono'!A:A,MATCH(B93,'Base de données Mono'!D:D,0)) -> JG | E93: Electricité | F93: =IF(O93="","-",IF(AND(X93="Nuit",WEEKDAY(O93,2)=7,O93<>P93),WEEKNUM(O93,2),WEEKNUM(O93,2)-1))+1 -> 13 | G93: =IF(O93="","-",MONTH(O93)) -> 3 | H93: 8 | I93: =INDEX('Base de données Mono'!K:K,MATCH(B93,'Base de données Mono'!D:D,0)) -> 0.22222222 | J93: =INDEX('Base de données Mono'!L:L,MATCH(B93,'Base de données Mono'!D:D,0)) -> 0.89583333 | K93: =INDEX('Base de données Mono'!M:M,MATCH(B93,'Base de données Mono'!D:D,0)) -> 0.3125 | L93: =INDEX('Base de données Mono'!N:N,MATCH(B93,'Base de données Mono'!D:D,0)) -> 0.55208333 | M93: Hiver | N93: =IF(AND(E93="Electricité",M93="Hiver"),INDEX('Base de données Mono'!E:E,MATCH(B93,'Base de données Mono'!D:D,0)),IF(AND(E93="Electricité",M93="Mi-saison"),INDEX('Base de données Mono'!F:F,MATCH(B93,'Base de données Mono'!D:D,0)),IF(AND(E93="Electricité",M93="Eté"),INDEX('Base de données Mono'!G:G,MATCH(B93,'Base de données Mono'!D:D,0)),IF(AND(E93="Gaz",M93="Hiver"),INDEX('Base de données Mono'!J:J,MATCH(B93,'Base de données Mono'!D:D,0)),IF(AND(E93="Gaz",M93="Mi-saison"),INDEX('Base de données Mono'!#REF!,MATCH(B93,'Base de données Mono'!D:D,0)),IF(AND(E93="Gaz",M93="Eté"),INDEX('Base de données Mono'!#REF!,MATCH(B93,'Base de données Mono'!D:D,0)),"-")))))) -> 40 | O93: 45375 | P93: 45381 | Q93: 55 | R93: =IF(Q93="","",Q93-N93) -> 15 | S93: 1 | T93: =P93-O93 -> 6 | U93: =R93*S93*T93 -> 90 | V93: - | W93: =IFERROR(IF(E93="Gaz","-",R93/N93),"-") -> 0.375 | X93: Nuit | Y93: Impact Client | Z93: CVC | AA93: CVC en marche forcée sur GTC
A94: =INDEX('Base de données Mono'!C:C,MATCH(B94,'Base de données Mono'!D:D,0)) -> PELLEPORT | B94: MO1163 | C94: =INDEX('Base de données Mono'!B:B,MATCH(B94,'Base de données Mono'!D:D,0)) -> SES8 | D94: =INDEX('Base de données Mono'!A:A,MATCH(B94,'Base de données Mono'!D:D,0)) -> JG | E94: Electricité | F94: =IF(O94="","-",IF(AND(X94="Nuit",WEEKDAY(O94,2)=7,O94<>P94),WEEKNUM(O94,2),WEEKNUM(O94,2)-1))+1 -> 13 | G94: =IF(O94="","-",MONTH(O94)) -> 3 | H94: 8 | I94: =INDEX('Base de données Mono'!K:K,MATCH(B94,'Base de données Mono'!D:D,0)) -> 0.20833333 | J94: =INDEX('Base de données Mono'!L:L,MATCH(B94,'Base de données Mono'!D:D,0)) -> 0.93055556 | K94: =INDEX('Base de données Mono'!M:M,MATCH(B94,'Base de données Mono'!D:D,0)) -> 0.28472222 | L94: =INDEX('Base de données Mono'!N:N,MATCH(B94,'Base de données Mono'!D:D,0)) -> 0.83333333 | M94: Hiver | N94: =IF(AND(E94="Electricité",M94="Hiver"),INDEX('Base de données Mono'!E:E,MATCH(B94,'Base de données Mono'!D:D,0)),IF(AND(E94="Electricité",M94="Mi-saison"),INDEX('Base de données Mono'!F:F,MATCH(B94,'Base de données Mono'!D:D,0)),IF(AND(E94="Electricité",M94="Eté"),INDEX('Base de données Mono'!G:G,MATCH(B94,'Base de données Mono'!D:D,0)),IF(AND(E94="Gaz",M94="Hiver"),INDEX('Base de données Mono'!J:J,MATCH(B94,'Base de données Mono'!D:D,0)),IF(AND(E94="Gaz",M94="Mi-saison"),INDEX('Base de données Mono'!#REF!,MATCH(B94,'Base de données Mono'!D:D,0)),IF(AND(E94="Gaz",M94="Eté"),INDEX('Base de données Mono'!#REF!,MATCH(B94,'Base de données Mono'!D:D,0)),"-")))))) -> 90 | O94: 45375 | P94: 45381 | Q94: 100 | R94: =IF(Q94="","",Q94-N94) -> 10 | S94: 6.6 | T94: =P94-O94 -> 6 | U94: =R94*S94*T94 -> 396 | V94: - | W94: =IFERROR(IF(E94="Gaz","-",R94/N94),"-") -> 0.11111111 | X94: Nuit | Y94: Impact Client | Z94: CVC | AA94: CVC en marche forcée sur GTC
A95: =INDEX('Base de données Mono'!C:C,MATCH(B95,'Base de données Mono'!D:D,0)) -> TERNES | B95: MO1209 | C95: =INDEX('Base de données Mono'!B:B,MATCH(B95,'Base de données Mono'!D:D,0)) -> SES8 | D95: =INDEX('Base de données Mono'!A:A,MATCH(B95,'Base de données Mono'!D:D,0)) -> AD | E95: Electricité | F95: =IF(O95="","-",IF(AND(X95="Nuit",WEEKDAY(O95,2)=7,O95<>P95),WEEKNUM(O95,2),WEEKNUM(O95,2)-1))+1 -> 13 | G95: =IF(O95="","-",MONTH(O95)) -> 3 | H95: 8 | I95: =INDEX('Base de données Mono'!K:K,MATCH(B95,'Base de données Mono'!D:D,0)) -> 0.1875 | J95: =INDEX('Base de données Mono'!L:L,MATCH(B95,'Base de données Mono'!D:D,0)) -> 0.89583333 | K95: =INDEX('Base de données Mono'!M:M,MATCH(B95,'Base de données Mono'!D:D,0)) -> 0.22916667 | L95: =INDEX('Base de données Mono'!N:N,MATCH(B95,'Base de données Mono'!D:D,0)) -> 0.8125 | M95: Hiver | N95: =IF(AND(E95="Electricité",M95="Hiver"),INDEX('Base de données Mono'!E:E,MATCH(B95,'Base de données Mono'!D:D,0)),IF(AND(E95="Electricité",M95="Mi-saison"),INDEX('Base de données Mono'!F:F,MATCH(B95,'Base de données Mono'!D:D,0)),IF(AND(E95="Electricité",M95="Eté"),INDEX('Base de données Mono'!G:G,MATCH(B95,'Base de données Mono'!D:D,0)),IF(AND(E95="Gaz",M95="Hiver"),INDEX('Base de données Mono'!J:J,MATCH(B95,'Base de données Mono'!D:D,0)),IF(AND(E95="Gaz",M95="Mi-saison"),INDEX('Base de données Mono'!#REF!,MATCH(B95,'Base de données Mono'!D:D,0)),IF(AND(E95="Gaz",M95="Eté"),INDEX('Base de données Mono'!#REF!,MATCH(B95,'Base de données Mono'!D:D,0)),"-")))))) -> 80 | O95: 45375 | P95: 45381 | Q95: 105 | R95: =IF(Q95="","",Q95-N95) -> 25 | S95: 0.5 | T95: =P95-O95 -> 6 | U95: =R95*S95*T95 -> 75 | V95: - | W95: =IFERROR(IF(E95="Gaz","-",R95/N95),"-") -> 0.3125 | X95: Nuit | Y95: Impact Client | Z95: CVC | AA95: CVC en marche forcée sur GTC
A96: =INDEX('Base de données Mono'!C:C,MATCH(B96,'Base de données Mono'!D:D,0)) -> TERNES | B96: MO1209 | C96: =INDEX('Base de données Mono'!B:B,MATCH(B96,'Base de données Mono'!D:D,0)) -> SES8 | D96: =INDEX('Base de données Mono'!A:A,MATCH(B96,'Base de données Mono'!D:D,0)) -> AD | E96: Electricité | F96: =IF(O96="","-",IF(AND(X96="Nuit",WEEKDAY(O96,2)=7,O96<>P96),WEEKNUM(O96,2),WEEKNUM(O96,2)-1))+1 -> 13 | G96: =IF(O96="","-",MONTH(O96)) -> 3 | H96: 7.42 | I96: =INDEX('Base de données Mono'!K:K,MATCH(B96,'Base de données Mono'!D:D,0)) -> 0.1875 | J96: =INDEX('Base de données Mono'!L:L,MATCH(B96,'Base de données Mono'!D:D,0)) -> 0.89583333 | K96: =INDEX('Base de données Mono'!M:M,MATCH(B96,'Base de données Mono'!D:D,0)) -> 0.22916667 | L96: =INDEX('Base de données Mono'!N:N,MATCH(B96,'Base de données Mono'!D:D,0)) -> 0.8125 | M96: Hiver | N96: =IF(AND(E96="Electricité",M96="Hiver"),INDEX('Base de données Mono'!E:E,MATCH(B96,'Base de données Mono'!D:D,0)),IF(AND(E96="Electricité",M96="Mi-saison"),INDEX('Base de données Mono'!F:F,MATCH(B96,'Base de données Mono'!D:D,0)),IF(AND(E96="Electricité",M96="Eté"),INDEX('Base de données Mono'!G:G,MATCH(B96,'Base de données Mono'!D:D,0)),IF(AND(E96="Gaz",M96="Hiver"),INDEX('Base de données Mono'!J:J,MATCH(B96,'Base de données Mono'!D:D,0)),IF(AND(E96="Gaz",M96="Mi-saison"),INDEX('Base de données Mono'!#REF!,MATCH(B96,'Base de données Mono'!D:D,0)),IF(AND(E96="Gaz",M96="Eté"),INDEX('Base de données Mono'!#REF!,MATCH(B96,'Base de données Mono'!D:D,0)),"-")))))) -> 80 | O96: 45376 | P96: 45382 | Q96: 125 | R96: =IF(Q96="","",Q96-N96) -> 45 | S96: 0.7 | T96: =P96-O96 -> 6 | U96: =R96*S96*T96 -> 189 | V96: - | W96: =IFERROR(IF(E96="Gaz","-",R96/N96),"-") -> 0.5625 | X96: Nuit | Y96: Impact Client | Z96: Changement de comportement | AA96: Ouverture prolongée
A97: =INDEX('Base de données Mono'!C:C,MATCH(B97,'Base de données Mono'!D:D,0)) -> LES TOITS DE BOULOGNE | B97: MO1304 | C97: =INDEX('Base de données Mono'!B:B,MATCH(B97,'Base de données Mono'!D:D,0)) -> SES8 | D97: =INDEX('Base de données Mono'!A:A,MATCH(B97,'Base de données Mono'!D:D,0)) -> AD | E97: Electricité | F97: =IF(O97="","-",IF(AND(X97="Nuit",WEEKDAY(O97,2)=7,O97<>P97),WEEKNUM(O97,2),WEEKNUM(O97,2)-1))+1 -> 13 | G97: =IF(O97="","-",MONTH(O97)) -> 3 | H97: 7.42 | I97: =INDEX('Base de données Mono'!K:K,MATCH(B97,'Base de données Mono'!D:D,0)) -> 0.22916667 | J97: =INDEX('Base de données Mono'!L:L,MATCH(B97,'Base de données Mono'!D:D,0)) -> 0.875 | K97: =INDEX('Base de données Mono'!M:M,MATCH(B97,'Base de données Mono'!D:D,0)) -> 0.29166667 | L97: =INDEX('Base de données Mono'!N:N,MATCH(B97,'Base de données Mono'!D:D,0)) -> 0.83333333 | M97: Hiver | N97: =IF(AND(E97="Electricité",M97="Hiver"),INDEX('Base de données Mono'!E:E,MATCH(B97,'Base de données Mono'!D:D,0)),IF(AND(E97="Electricité",M97="Mi-saison"),INDEX('Base de données Mono'!F:F,MATCH(B97,'Base de données Mono'!D:D,0)),IF(AND(E97="Electricité",M97="Eté"),INDEX('Base de données Mono'!G:G,MATCH(B97,'Base de données Mono'!D:D,0)),IF(AND(E97="Gaz",M97="Hiver"),INDEX('Base de données Mono'!J:J,MATCH(B97,'Base de données Mono'!D:D,0)),IF(AND(E97="Gaz",M97="Mi-saison"),INDEX('Base de données Mono'!#REF!,MATCH(B97,'Base de données Mono'!D:D,0)),IF(AND(E97="Gaz",M97="Eté"),INDEX('Base de données Mono'!#REF!,MATCH(B97,'Base de données Mono'!D:D,0)),"-")))))) -> 65 | O97: 45375 | P97: 45376 | Q97: 105 | R97: =IF(Q97="","",Q97-N97) -> 40 | S97: 8 | T97: =P97-O97 -> 1 | U97: =R97*S97*T97 -> 320 | V97: - | W97: =IFERROR(IF(E97="Gaz","-",R97/N97),"-") -> 0.61538462 | X97: Nuit | Y97: Impact Client | Z97: CVC | AA97: CVC en marche forcée sur GTC
A98: =INDEX('Base de données Mono'!C:C,MATCH(B98,'Base de données Mono'!D:D,0)) -> LES TOITS DE BOULOGNE | B98: MO1304 | C98: =INDEX('Base de données Mono'!B:B,MATCH(B98,'Base de données Mono'!D:D,0)) -> SES8 | D98: =INDEX('Base de données Mono'!A:A,MATCH(B98,'Base de données Mono'!D:D,0)) -> AD | E98: Electricité | F98: =IF(O98="","-",IF(AND(X98="Nuit",WEEKDAY(O98,2)=7,O98<>P98),WEEKNUM(O98,2),WEEKNUM(O98,2)-1))+1 -> 13 | G98: =IF(O98="","-",MONTH(O98)) -> 3 | H98: 7.42 | I98: =INDEX('Base de données Mono'!K:K,MATCH(B98,'Base de données Mono'!D:D,0)) -> 0.22916667 | J98: =INDEX('Base de données Mono'!L:L,MATCH(B98,'Base de données Mono'!D:D,0)) -> 0.875 | K98: =INDEX('Base de données Mono'!M:M,MATCH(B98,'Base de données Mono'!D:D,0)) -> 0.29166667 | L98: =INDEX('Base de données Mono'!N:N,MATCH(B98,'Base de données Mono'!D:D,0)) -> 0.83333333 | M98: Hiver | N98: =IF(AND(E98="Electricité",M98="Hiver"),INDEX('Base de données Mono'!E:E,MATCH(B98,'Base de données Mono'!D:D,0)),IF(AND(E98="Electricité",M98="Mi-saison"),INDEX('Base de données Mono'!F:F,MATCH(B98,'Base de données Mono'!D:D,0)),IF(AND(E98="Electricité",M98="Eté"),INDEX('Base de données Mono'!G:G,MATCH(B98,'Base de données Mono'!D:D,0)),IF(AND(E98="Gaz",M98="Hiver"),INDEX('Base de données Mono'!J:J,MATCH(B98,'Base de données Mono'!D:D,0)),IF(AND(E98="Gaz",M98="Mi-saison"),INDEX('Base de données Mono'!#REF!,MATCH(B98,'Base de données Mono'!D:D,0)),IF(AND(E98="Gaz",M98="Eté"),INDEX('Base de données Mono'!#REF!,MATCH(B98,'Base de données Mono'!D:D,0)),"-")))))) -> 65 | O98: 45376 | P98: 45379 | Q98: 135 | R98: =IF(Q98="","",Q98-N98) -> 70 | S98: 0.8 | T98: =P98-O98 -> 3 | U98: =R98*S98*T98 -> 168 | V98: - | W98: =IFERROR(IF(E98="Gaz","-",R98/N98),"-") -> 1.0769231 | X98: Nuit | Y98: Impact Client | Z98: Changement de comportement | AA98: Ouverture prolongée
A99: =INDEX('Base de données Mono'!C:C,MATCH(B99,'Base de données Mono'!D:D,0)) -> LES TOITS DE BOULOGNE | B99: MO1304 | C99: =INDEX('Base de données Mono'!B:B,MATCH(B99,'Base de données Mono'!D:D,0)) -> SES8 | D99: =INDEX('Base de données Mono'!A:A,MATCH(B99,'Base de données Mono'!D:D,0)) -> AD | E99: Electricité | F99: =IF(O99="","-",IF(AND(X99="Nuit",WEEKDAY(O99,2)=7,O99<>P99),WEEKNUM(O99,2),WEEKNUM(O99,2)-1))+1 -> 13 | G99: =IF(O99="","-",MONTH(O99)) -> 3 | H99: 7.42 | I99: =INDEX('Base de données Mono'!K:K,MATCH(B99,'Base de données Mono'!D:D,0)) -> 0.22916667 | J99: =INDEX('Base de données Mono'!L:L,MATCH(B99,'Base de données Mono'!D:D,0)) -> 0.875 | K99: =INDEX('Base de données Mono'!M:M,MATCH(B99,'Base de données Mono'!D:D,0)) -> 0.29166667 | L99: =INDEX('Base de données Mono'!N:N,MATCH(B99,'Base de données Mono'!D:D,0)) -> 0.83333333 | M99: Hiver | N99: =IF(AND(E99="Electricité",M99="Hiver"),INDEX('Base de données Mono'!E:E,MATCH(B99,'Base de données Mono'!D:D,0)),IF(AND(E99="Electricité",M99="Mi-saison"),INDEX('Base de données Mono'!F:F,MATCH(B99,'Base de données Mono'!D:D,0)),IF(AND(E99="Electricité",M99="Eté"),INDEX('Base de données Mono'!G:G,MATCH(B99,'Base de données Mono'!D:D,0)),IF(AND(E99="Gaz",M99="Hiver"),INDEX('Base de données Mono'!J:J,MATCH(B99,'Base de données Mono'!D:D,0)),IF(AND(E99="Gaz",M99="Mi-saison"),INDEX('Base de données Mono'!#REF!,MATCH(B99,'Base de données Mono'!D:D,0)),IF(AND(E99="Gaz",M99="Eté"),INDEX('Base de données Mono'!#REF!,MATCH(B99,'Base de données Mono'!D:D,0)),"-")))))) -> 65 | O99: 45376 | P99: 45379 | Q99: 95 | R99: =IF(Q99="","",Q99-N99) -> 30 | S99: 7.7 | T99: =P99-O99 -> 3 | U99: =R99*S99*T99 -> 693 | V99: - | W99: =IFERROR(IF(E99="Gaz","-",R99/N99),"-") -> 0.46153846 | X99: Nuit | Y99: Impact Client | Z99: CVC | AA99: CVC en marche forcée sur GTC
A100: =INDEX('Base de données Mono'!C:C,MATCH(B100,'Base de données Mono'!D:D,0)) -> LES TOITS DE BOULOGNE | B100: MO1304 | C100: =INDEX('Base de données Mono'!B:B,MATCH(B100,'Base de données Mono'!D:D,0)) -> SES8 | D100: =INDEX('Base de données Mono'!A:A,MATCH(B100,'Base de données Mono'!D:D,0)) -> AD | E100: Electricité | F100: =IF(O100="","-",IF(AND(X100="Nuit",WEEKDAY(O100,2)=7,O100<>P100),WEEKNUM(O100,2),WEEKNUM(O100,2)-1))+1 -> 13 | G100: =IF(O100="","-",MONTH(O100)) -> 3 | H100: 10.25 | I100: =INDEX('Base de données Mono'!K:K,MATCH(B100,'Base de données Mono'!D:D,0)) -> 0.22916667 | J100: =INDEX('Base de données Mono'!L:L,MATCH(B100,'Base de données Mono'!D:D,0)) -> 0.875 | K100: =INDEX('Base de données Mono'!M:M,MATCH(B100,'Base de données Mono'!D:D,0)) -> 0.29166667 | L100: =INDEX('Base de données Mono'!N:N,MATCH(B100,'Base de données Mono'!D:D,0)) -> 0.83333333 | M100: Hiver | N100: =IF(AND(E100="Electricité",M100="Hiver"),INDEX('Base de données Mono'!E:E,MATCH(B100,'Base de données Mono'!D:D,0)),IF(AND(E100="Electricité",M100="Mi-saison"),INDEX('Base de données Mono'!F:F,MATCH(B100,'Base de données Mono'!D:D,0)),IF(AND(E100="Electricité",M100="Eté"),INDEX('Base de données Mono'!G:G,MATCH(B100,'Base de données Mono'!D:D,0)),IF(AND(E100="Gaz",M100="Hiver"),INDEX('Base de données Mono'!J:J,MATCH(B100,'Base de données Mono'!D:D,0)),IF(AND(E100="Gaz",M100="Mi-saison"),INDEX('Base de données Mono'!#REF!,MATCH(B100,'Base de données Mono'!D:D,0)),IF(AND(E100="Gaz",M100="Eté"),INDEX('Base de données Mono'!#REF!,MATCH(B100,'Base de données Mono'!D:D,0)),"-")))))) -> 65 | O100: 45379 | P100: 45381 | Q100: 125 | R100: =IF(Q100="","",Q100-N100) -> 60 | S100: 8.5 | T100: =P100-O100 -> 2 | U100: =R100*S100*T100 -> 1020 | V100: - | W100: =IFERROR(IF(E100="Gaz","-",R100/N100),"-") -> 0.92307692 | X100: Nuit | Y100: Impact Client | Z100: Eclairage | AA100: éclairage en marche forcée sur GTC
A101: =INDEX('Base de données Mono'!C:C,MATCH(B101,'Base de données Mono'!D:D,0)) -> LES TOITS DE BOULOGNE | B101: MO1304 | C101: =INDEX('Base de données Mono'!B:B,MATCH(B101,'Base de données Mono'!D:D,0)) -> SES8 | D101: =INDEX('Base de données Mono'!A:A,MATCH(B101,'Base de données Mono'!D:D,0)) -> AD | E101: Electricité | F101: =IF(O101="","-",IF(AND(X101="Nuit",WEEKDAY(O101,2)=7,O101<>P101),WEEKNUM(O101,2),WEEKNUM(O101,2)-1))+1 -> 13 | G101: =IF(O101="","-",MONTH(O101)) -> 3 | H101: 9.83 | I101: =INDEX('Base de données Mono'!K:K,MATCH(B101,'Base de données Mono'!D:D,0)) -> 0.22916667 | J101: =INDEX('Base de données Mono'!L:L,MATCH(B101,'Base de données Mono'!D:D,0)) -> 0.875 | K101: =INDEX('Base de données Mono'!M:M,MATCH(B101,'Base de données Mono'!D:D,0)) -> 0.29166667 | L101: =INDEX('Base de données Mono'!N:N,MATCH(B101,'Base de données Mono'!D:D,0)) -> 0.83333333 | M101: Hiver | N101: =IF(AND(E101="Electricité",M101="Hiver"),INDEX('Base de données Mono'!E:E,MATCH(B101,'Base de données Mono'!D:D,0)),IF(AND(E101="Electricité",M101="Mi-saison"),INDEX('Base de données Mono'!F:F,MATCH(B101,'Base de données Mono'!D:D,0)),IF(AND(E101="Electricité",M101="Eté"),INDEX('Base de données Mono'!G:G,MATCH(B101,'Base de données Mono'!D:D,0)),IF(AND(E101="Gaz",M101="Hiver"),INDEX('Base de données Mono'!J:J,MATCH(B101,'Base de données Mono'!D:D,0)),IF(AND(E101="Gaz",M101="Mi-saison"),INDEX('Base de données Mono'!#REF!,MATCH(B101,'Base de données Mono'!D:D,0)),IF(AND(E101="Gaz",M101="Eté"),INDEX('Base de données Mono'!#REF!,MATCH(B101,'Base de données Mono'!D:D,0)),"-")))))) -> 65 | O101: 45381 | P101: 45382 | Q101: 140 | R101: =IF(Q101="","",Q101-N101) -> 75 | S101: 0.6 | T101: =P101-O101 -> 1 | U101: =R101*S101*T101 -> 45 | V101: - | W101: =IFERROR(IF(E101="Gaz","-",R101/N101),"-") -> 1.1538462 | X101: Nuit | Y101: Impact Client | Z101: Changement de comportement | AA101: Ouverture prolongée
A102: =INDEX('Base de données Mono'!C:C,MATCH(B102,'Base de données Mono'!D:D,0)) -> LES TOITS DE BOULOGNE | B102: MO1304 | C102: =INDEX('Base de données Mono'!B:B,MATCH(B102,'Base de données Mono'!D:D,0)) -> SES8 | D102: =INDEX('Base de données Mono'!A:A,MATCH(B102,'Base de données Mono'!D:D,0)) -> AD | E102: Electricité | F102: =IF(O102="","-",IF(AND(X102="Nuit",WEEKDAY(O102,2)=7,O102<>P102),WEEKNUM(O102,2),WEEKNUM(O102,2)-1))+1 -> 13 | G102: =IF(O102="","-",MONTH(O102)) -> 3 | H102: 8.33 | I102: =INDEX('Base de données Mono'!K:K,MATCH(B102,'Base de données Mono'!D:D,0)) -> 0.22916667 | J102: =INDEX('Base de données Mono'!L:L,MATCH(B102,'Base de données Mono'!D:D,0)) -> 0.875 | K102: =INDEX('Base de données Mono'!M:M,MATCH(B102,'Base de données Mono'!D:D,0)) -> 0.29166667 | L102: =INDEX('Base de données Mono'!N:N,MATCH(B102,'Base de données Mono'!D:D,0)) -> 0.83333333 | M102: Hiver | N102: =IF(AND(E102="Electricité",M102="Hiver"),INDEX('Base de données Mono'!E:E,MATCH(B102,'Base de données Mono'!D:D,0)),IF(AND(E102="Electricité",M102="Mi-saison"),INDEX('Base de données Mono'!F:F,MATCH(B102,'Base de données Mono'!D:D,0)),IF(AND(E102="Electricité",M102="Eté"),INDEX('Base de données Mono'!G:G,MATCH(B102,'Base de données Mono'!D:D,0)),IF(AND(E102="Gaz",M102="Hiver"),INDEX('Base de données Mono'!J:J,MATCH(B102,'Base de données Mono'!D:D,0)),IF(AND(E102="Gaz",M102="Mi-saison"),INDEX('Base de données Mono'!#REF!,MATCH(B102,'Base de données Mono'!D:D,0)),IF(AND(E102="Gaz",M102="Eté"),INDEX('Base de données Mono'!#REF!,MATCH(B102,'Base de données Mono'!D:D,0)),"-")))))) -> 65 | O102: 45381 | P102: 45382 | Q102: 100 | R102: =IF(Q102="","",Q102-N102) -> 35 | S102: 9.4 | T102: =P102-O102 -> 1 | U102: =R102*S102*T102 -> 329 | V102: - | W102: =IFERROR(IF(E102="Gaz","-",R102/N102),"-") -> 0.53846154 | X102: Nuit | Y102: Impact Client | Z102: CVC | AA102: CVC en marche forcée sur GTC
A103: =INDEX('Base de données Mono'!C:C,MATCH(B103,'Base de données Mono'!D:D,0)) -> VAUGIRARD | B103: MO1329 | C103: =INDEX('Base de données Mono'!B:B,MATCH(B103,'Base de données Mono'!D:D,0)) -> SES8 | D103: =INDEX('Base de données Mono'!A:A,MATCH(B103,'Base de données Mono'!D:D,0)) -> AD | E103: Electricité | F103: =IF(O103="","-",IF(AND(X103="Nuit",WEEKDAY(O103,2)=7,O103<>P103),WEEKNUM(O103,2),WEEKNUM(O103,2)-1))+1 -> 13 | G103: =IF(O103="","-",MONTH(O103)) -> 3 | H103: 8.33 | I103: =INDEX('Base de données Mono'!K:K,MATCH(B103,'Base de données Mono'!D:D,0)) -> 0.20138889 | J103: =INDEX('Base de données Mono'!L:L,MATCH(B103,'Base de données Mono'!D:D,0)) -> 0.92708333 | K103: =INDEX('Base de données Mono'!M:M,MATCH(B103,'Base de données Mono'!D:D,0)) -> 0.26388889 | L103: =INDEX('Base de données Mono'!N:N,MATCH(B103,'Base de données Mono'!D:D,0)) -> 0.5625 | M103: Hiver | N103: =IF(AND(E103="Electricité",M103="Hiver"),INDEX('Base de données Mono'!E:E,MATCH(B103,'Base de données Mono'!D:D,0)),IF(AND(E103="Electricité",M103="Mi-saison"),INDEX('Base de données Mono'!F:F,MATCH(B103,'Base de données Mono'!D:D,0)),IF(AND(E103="Electricité",M103="Eté"),INDEX('Base de données Mono'!G:G,MATCH(B103,'Base de données Mono'!D:D,0)),IF(AND(E103="Gaz",M103="Hiver"),INDEX('Base de données Mono'!J:J,MATCH(B103,'Base de données Mono'!D:D,0)),IF(AND(E103="Gaz",M103="Mi-saison"),INDEX('Base de données Mono'!#REF!,MATCH(B103,'Base de données Mono'!D:D,0)),IF(AND(E103="Gaz",M103="Eté"),INDEX('Base de données Mono'!#REF!,MATCH(B103,'Base de données Mono'!D:D,0)),"-")))))) -> 85 | O103: 45375 | P103: 45377 | Q103: 150 | R103: =IF(Q103="","",Q103-N103) -> 65 | S103: 1 | T103: =P103-O103 -> 2 | U103: =R103*S103*T103 -> 130 | V103: - | W103: =IFERROR(IF(E103="Gaz","-",R103/N103),"-") -> 0.76470588 | X103: Nuit | Y103: Impact Client | Z103: Eclairage | AA103: éclairage en marche forcée sur GTC
A104: =INDEX('Base de données Mono'!C:C,MATCH(B104,'Base de données Mono'!D:D,0)) -> VAUGIRARD | B104: MO1329 | C104: =INDEX('Base de données Mono'!B:B,MATCH(B104,'Base de données Mono'!D:D,0)) -> SES8 | D104: =INDEX('Base de données Mono'!A:A,MATCH(B104,'Base de données Mono'!D:D,0)) -> AD | E104: Electricité | F104: =IF(O104="","-",IF(AND(X104="Nuit",WEEKDAY(O104,2)=7,O104<>P104),WEEKNUM(O104,2),WEEKNUM(O104,2)-1))+1 -> 13 | G104: =IF(O104="","-",MONTH(O104)) -> 3 | H104: 8.33 | I104: =INDEX('Base de données Mono'!K:K,MATCH(B104,'Base de données Mono'!D:D,0)) -> 0.20138889 | J104: =INDEX('Base de données Mono'!L:L,MATCH(B104,'Base de données Mono'!D:D,0)) -> 0.92708333 | K104: =INDEX('Base de données Mono'!M:M,MATCH(B104,'Base de données Mono'!D:D,0)) -> 0.26388889 | L104: =INDEX('Base de données Mono'!N:N,MATCH(B104,'Base de données Mono'!D:D,0)) -> 0.5625 | M104: Hiver | N104: =IF(AND(E104="Electricité",M104="Hiver"),INDEX('Base de données Mono'!E:E,MATCH(B104,'Base de données Mono'!D:D,0)),IF(AND(E104="Electricité",M104="Mi-saison"),INDEX('Base de données Mono'!F:F,MATCH(B104,'Base de données Mono'!D:D,0)),IF(AND(E104="Electricité",M104="Eté"),INDEX('Base de données Mono'!G:G,MATCH(B104,'Base de données Mono'!D:D,0)),IF(AND(E104="Gaz",M104="Hiver"),INDEX('Base de données Mono'!J:J,MATCH(B104,'Base de données Mono'!D:D,0)),IF(AND(E104="Gaz",M104="Mi-saison"),INDEX('Base de données Mono'!#REF!,MATCH(B104,'Base de données Mono'!D:D,0)),IF(AND(E104="Gaz",M104="Eté"),INDEX('Base de données Mono'!#REF!,MATCH(B104,'Base de données Mono'!D:D,0)),"-")))))) -> 85 | O104: 45378 | P104: 45380 | Q104: 165 | R104: =IF(Q104="","",Q104-N104) -> 80 | S104: 6.5 | T104: =P104-O104 -> 2 | U104: =R104*S104*T104 -> 1040 | V104: - | W104: =IFERROR(IF(E104="Gaz","-",R104/N104),"-") -> 0.94117647 | X104: Nuit | Y104: Impact Client | Z104: Eclairage | AA104: éclairage en marche forcée sur GTC
... A167: =INDEX('Base de données Mono'!C:C,MATCH(B167,'Base de données Mono'!D:D,0)) -> VERSAILLES | B167: MO0156 | C167: =INDEX('Base de données Mono'!B:B,MATCH(B167,'Base de données Mono'!D:D,0)) -> SES8 | D167: =INDEX('Base de données Mono'!A:A,MATCH(B167,'Base de données Mono'!D:D,0)) -> AD | E167: Electricité | F167: =IF(O167="","-",IF(AND(X167="Nuit",WEEKDAY(O167,2)=7,O167<>P167),WEEKNUM(O167,2),WEEKNUM(O167,2)-1))+1 -> 13 | G167: =IF(O167="","-",MONTH(O167)) -> 3 | H167: 7 | I167: =INDEX('Base de données Mono'!K:K,MATCH(B167,'Base de données Mono'!D:D,0)) -> 0.1875 | J167: =INDEX('Base de données Mono'!L:L,MATCH(B167,'Base de données Mono'!D:D,0)) -> 0.85416667 | K167: =INDEX('Base de données Mono'!M:M,MATCH(B167,'Base de données Mono'!D:D,0)) -> - | L167: =INDEX('Base de données Mono'!N:N,MATCH(B167,'Base de données Mono'!D:D,0)) -> - | M167: Hiver | N167: =IF(AND(E167="Electricité",M167="Hiver"),INDEX('Base de données Mono'!E:E,MATCH(B167,'Base de données Mono'!D:D,0)),IF(AND(E167="Electricité",M167="Mi-saison"),INDEX('Base de données Mono'!F:F,MATCH(B167,'Base de données Mono'!D:D,0)),IF(AND(E167="Electricité",M167="Eté"),INDEX('Base de données Mono'!G:G,MATCH(B167,'Base de données Mono'!D:D,0)),IF(AND(E167="Gaz",M167="Hiver"),INDEX('Base de données Mono'!J:J,MATCH(B167,'Base de données Mono'!D:D,0)),IF(AND(E167="Gaz",M167="Mi-saison"),INDEX('Base de données Mono'!#REF!,MATCH(B167,'Base de données Mono'!D:D,0)),IF(AND(E167="Gaz",M167="Eté"),INDEX('Base de données Mono'!#REF!,MATCH(B167,'Base de données Mono'!D:D,0)),"-")))))) -> 80 | O167: 45379 | P167: 45382 | Q167: 135 | R167: =IF(Q167="","",Q167-N167) -> 55 | S167: 0.3 | T167: =P167-O167 -> 3 | U167: =R167*S167*T167 -> 49.5 | V167: - | W167: =IFERROR(IF(E167="Gaz","-",R167/N167),"-") -> 0.6875 | X167: Nuit | Y167: Impact Client | Z167: Changement de comportement | AA167: Ouverture prolongée
A168: =INDEX('Base de données Mono'!C:C,MATCH(B168,'Base de données Mono'!D:D,0)) -> MOZART | B168: MO1321 | C168: =INDEX('Base de données Mono'!B:B,MATCH(B168,'Base de données Mono'!D:D,0)) -> SES8 | D168: =INDEX('Base de données Mono'!A:A,MATCH(B168,'Base de données Mono'!D:D,0)) -> AD | E168: Electricité | F168: =IF(O168="","-",IF(AND(X168="Nuit",WEEKDAY(O168,2)=7,O168<>P168),WEEKNUM(O168,2),WEEKNUM(O168,2)-1))+1 -> 13 | G168: =IF(O168="","-",MONTH(O168)) -> 3 | H168: 9 | I168: =INDEX('Base de données Mono'!K:K,MATCH(B168,'Base de données Mono'!D:D,0)) -> 0.23611111 | J168: =INDEX('Base de données Mono'!L:L,MATCH(B168,'Base de données Mono'!D:D,0)) -> 0.92708333 | K168: =INDEX('Base de données Mono'!M:M,MATCH(B168,'Base de données Mono'!D:D,0)) -> 0.23611111 | L168: =INDEX('Base de données Mono'!N:N,MATCH(B168,'Base de données Mono'!D:D,0)) -> 0.54166667 | M168: Hiver | N168: =IF(AND(E168="Electricité",M168="Hiver"),INDEX('Base de données Mono'!E:E,MATCH(B168,'Base de données Mono'!D:D,0)),IF(AND(E168="Electricité",M168="Mi-saison"),INDEX('Base de données Mono'!F:F,MATCH(B168,'Base de données Mono'!D:D,0)),IF(AND(E168="Electricité",M168="Eté"),INDEX('Base de données Mono'!G:G,MATCH(B168,'Base de données Mono'!D:D,0)),IF(AND(E168="Gaz",M168="Hiver"),INDEX('Base de données Mono'!J:J,MATCH(B168,'Base de données Mono'!D:D,0)),IF(AND(E168="Gaz",M168="Mi-saison"),INDEX('Base de données Mono'!#REF!,MATCH(B168,'Base de données Mono'!D:D,0)),IF(AND(E168="Gaz",M168="Eté"),INDEX('Base de données Mono'!#REF!,MATCH(B168,'Base de données Mono'!D:D,0)),"-")))))) -> 35 | O168: 45382 | P168: 45382 | Q168: 95 | R168: =IF(Q168="","",Q168-N168) -> 60 | S168: 7 | T168: 1 | U168: =R168*S168*T168 -> 420 | V168: - | W168: =IFERROR(IF(E168="Gaz","-",R168/N168),"-") -> 1.7142857 | X168: Dim | Y168: Impact Client | Z168: Changement de comportement | AA168: Ouverture dimanche
A169: =INDEX('Base de données Mono'!C:C,MATCH(B169,'Base de données Mono'!D:D,0)) -> VIENNE PYRAMIDE | B169: MO0284 | C169: =INDEX('Base de données Mono'!B:B,MATCH(B169,'Base de données Mono'!D:D,0)) -> Franchisés | D169: =INDEX('Base de données Mono'!A:A,MATCH(B169,'Base de données Mono'!D:D,0)) -> AD | E169: Electricité | F169: =IF(O169="","-",IF(AND(X169="Nuit",WEEKDAY(O169,2)=7,O169<>P169),WEEKNUM(O169,2),WEEKNUM(O169,2)-1))+1 -> 13 | G169: =IF(O169="","-",MONTH(O169)) -> 3 | H169: 9 | I169: =INDEX('Base de données Mono'!K:K,MATCH(B169,'Base de données Mono'!D:D,0)) -> 0.24305556 | J169: =INDEX('Base de données Mono'!L:L,MATCH(B169,'Base de données Mono'!D:D,0)) -> 0.83333333 | K169: =INDEX('Base de données Mono'!M:M,MATCH(B169,'Base de données Mono'!D:D,0)) -> 0.29166667 | L169: =INDEX('Base de données Mono'!N:N,MATCH(B169,'Base de données Mono'!D:D,0)) -> 0.54166667 | M169: Hiver | N169: =IF(AND(E169="Electricité",M169="Hiver"),INDEX('Base de données Mono'!E:E,MATCH(B169,'Base de données Mono'!D:D,0)),IF(AND(E169="Electricité",M169="Mi-saison"),INDEX('Base de données Mono'!F:F,MATCH(B169,'Base de données Mono'!D:D,0)),IF(AND(E169="Electricité",M169="Eté"),INDEX('Base de données Mono'!G:G,MATCH(B169,'Base de données Mono'!D:D,0)),IF(AND(E169="Gaz",M169="Hiver"),INDEX('Base de données Mono'!J:J,MATCH(B169,'Base de données Mono'!D:D,0)),IF(AND(E169="Gaz",M169="Mi-saison"),INDEX('Base de données Mono'!#REF!,MATCH(B169,'Base de données Mono'!D:D,0)),IF(AND(E169="Gaz",M169="Eté"),INDEX('Base de données Mono'!#REF!,MATCH(B169,'Base de données Mono'!D:D,0)),"-")))))) -> 45 | O169: 45382 | P169: 45382 | Q169: 50 | R169: =IF(Q169="","",Q169-N169) -> 5 | S169: 7 | T169: 1 | U169: =R169*S169*T169 -> 35 | V169: - | W169: =IFERROR(IF(E169="Gaz","-",R169/N169),"-") -> 0.11111111 | X169: Dim | Y169: Impact Client | Z169: CVC | AA169: CVC en marche forcée sur GTC
A170: =INDEX('Base de données Mono'!C:C,MATCH(B170,'Base de données Mono'!D:D,0)) -> FONTENAY SOUS BOIS | B170: MO1134 | C170: =INDEX('Base de données Mono'!B:B,MATCH(B170,'Base de données Mono'!D:D,0)) -> SES8 | D170: =INDEX('Base de données Mono'!A:A,MATCH(B170,'Base de données Mono'!D:D,0)) -> JG | E170: Electricité | F170: =IF(O170="","-",IF(AND(X170="Nuit",WEEKDAY(O170,2)=7,O170<>P170),WEEKNUM(O170,2),WEEKNUM(O170,2)-1))+1 -> 13 | G170: =IF(O170="","-",MONTH(O170)) -> 3 | H170: 9 | I170: =INDEX('Base de données Mono'!K:K,MATCH(B170,'Base de données Mono'!D:D,0)) -> 0.24305556 | J170: =INDEX('Base de données Mono'!L:L,MATCH(B170,'Base de données Mono'!D:D,0)) -> 0.89583333 | K170: =INDEX('Base de données Mono'!M:M,MATCH(B170,'Base de données Mono'!D:D,0)) -> 0.27083333 | L170: =INDEX('Base de données Mono'!N:N,MATCH(B170,'Base de données Mono'!D:D,0)) -> 0.5625 | M170: Hiver | N170: =IF(AND(E170="Electricité",M170="Hiver"),INDEX('Base de données Mono'!E:E,MATCH(B170,'Base de données Mono'!D:D,0)),IF(AND(E170="Electricité",M170="Mi-saison"),INDEX('Base de données Mono'!F:F,MATCH(B170,'Base de données Mono'!D:D,0)),IF(AND(E170="Electricité",M170="Eté"),INDEX('Base de données Mono'!G:G,MATCH(B170,'Base de données Mono'!D:D,0)),IF(AND(E170="Gaz",M170="Hiver"),INDEX('Base de données Mono'!J:J,MATCH(B170,'Base de données Mono'!D:D,0)),IF(AND(E170="Gaz",M170="Mi-saison"),INDEX('Base de données Mono'!#REF!,MATCH(B170,'Base de données Mono'!D:D,0)),IF(AND(E170="Gaz",M170="Eté"),INDEX('Base de données Mono'!#REF!,MATCH(B170,'Base de données Mono'!D:D,0)),"-")))))) -> 55 | O170: 45382 | P170: 45382 | Q170: 105 | R170: =IF(Q170="","",Q170-N170) -> 50 | S170: 6 | T170: 1 | U170: =R170*S170*T170 -> 300 | V170: - | W170: =IFERROR(IF(E170="Gaz","-",R170/N170),"-") -> 0.90909091 | X170: Dim | Y170: Impact Client | Z170: Changement de comportement | AA170: Ouverture dimanche
A171: =INDEX('Base de données Mono'!C:C,MATCH(B171,'Base de données Mono'!D:D,0)) -> FONTENAY SOUS BOIS | B171: MO1134 | C171: =INDEX('Base de données Mono'!B:B,MATCH(B171,'Base de données Mono'!D:D,0)) -> SES8 | D171: =INDEX('Base de données Mono'!A:A,MATCH(B171,'Base de données Mono'!D:D,0)) -> JG | E171: Electricité | F171: =IF(O171="","-",IF(AND(X171="Nuit",WEEKDAY(O171,2)=7,O171<>P171),WEEKNUM(O171,2),WEEKNUM(O171,2)-1))+1 -> 13 | G171: =IF(O171="","-",MONTH(O171)) -> 3 | H171: 9 | I171: =INDEX('Base de données Mono'!K:K,MATCH(B171,'Base de données Mono'!D:D,0)) -> 0.24305556 | J171: =INDEX('Base de données Mono'!L:L,MATCH(B171,'Base de données Mono'!D:D,0)) -> 0.89583333 | K171: =INDEX('Base de données Mono'!M:M,MATCH(B171,'Base de données Mono'!D:D,0)) -> 0.27083333 | L171: =INDEX('Base de données Mono'!N:N,MATCH(B171,'Base de données Mono'!D:D,0)) -> 0.5625 | M171: Hiver | N171: =IF(AND(E171="Electricité",M171="Hiver"),INDEX('Base de données Mono'!E:E,MATCH(B171,'Base de données Mono'!D:D,0)),IF(AND(E171="Electricité",M171="Mi-saison"),INDEX('Base de données Mono'!F:F,MATCH(B171,'Base de données Mono'!D:D,0)),IF(AND(E171="Electricité",M171="Eté"),INDEX('Base de données Mono'!G:G,MATCH(B171,'Base de données Mono'!D:D,0)),IF(AND(E171="Gaz",M171="Hiver"),INDEX('Base de données Mono'!J:J,MATCH(B171,'Base de données Mono'!D:D,0)),IF(AND(E171="Gaz",M171="Mi-saison"),INDEX('Base de données Mono'!#REF!,MATCH(B171,'Base de données Mono'!D:D,0)),IF(AND(E171="Gaz",M171="Eté"),INDEX('Base de données Mono'!#REF!,MATCH(B171,'Base de données Mono'!D:D,0)),"-")))))) -> 55 | O171: 45382 | P171: 45382 | Q171: 65 | R171: =IF(Q171="","",Q171-N171) -> 10 | S171: 2 | T171: 1 | U171: =R171*S171*T171 -> 20 | V171: - | W171: =IFERROR(IF(E171="Gaz","-",R171/N171),"-") -> 0.18181818 | X171: Dim | Y171: Impact Client | Z171: CVC | AA171: CVC en marche forcée sur GTC
A172: =INDEX('Base de données Mono'!C:C,MATCH(B172,'Base de données Mono'!D:D,0)) -> GRASSE | B172: MO0055 | C172: =INDEX('Base de données Mono'!B:B,MATCH(B172,'Base de données Mono'!D:D,0)) -> SES8 | D172: =INDEX('Base de données Mono'!A:A,MATCH(B172,'Base de données Mono'!D:D,0)) -> JG | E172: Electricité | F172: =IF(O172="","-",IF(AND(X172="Nuit",WEEKDAY(O172,2)=7,O172<>P172),WEEKNUM(O172,2),WEEKNUM(O172,2)-1))+1 -> 13 | G172: =IF(O172="","-",MONTH(O172)) -> 3 | H172: 9 | I172: =INDEX('Base de données Mono'!K:K,MATCH(B172,'Base de données Mono'!D:D,0)) -> 0.20833333 | J172: =INDEX('Base de données Mono'!L:L,MATCH(B172,'Base de données Mono'!D:D,0)) -> 0.83333333 | K172: =INDEX('Base de données Mono'!M:M,MATCH(B172,'Base de données Mono'!D:D,0)) -> - | L172: =INDEX('Base de données Mono'!N:N,MATCH(B172,'Base de données Mono'!D:D,0)) -> - | M172: Hiver | N172: =IF(AND(E172="Electricité",M172="Hiver"),INDEX('Base de données Mono'!E:E,MATCH(B172,'Base de données Mono'!D:D,0)),IF(AND(E172="Electricité",M172="Mi-saison"),INDEX('Base de données Mono'!F:F,MATCH(B172,'Base de données Mono'!D:D,0)),IF(AND(E172="Electricité",M172="Eté"),INDEX('Base de données Mono'!G:G,MATCH(B172,'Base de données Mono'!D:D,0)),IF(AND(E172="Gaz",M172="Hiver"),INDEX('Base de données Mono'!J:J,MATCH(B172,'Base de données Mono'!D:D,0)),IF(AND(E172="Gaz",M172="Mi-saison"),INDEX('Base de données Mono'!#REF!,MATCH(B172,'Base de données Mono'!D:D,0)),IF(AND(E172="Gaz",M172="Eté"),INDEX('Base de données Mono'!#REF!,MATCH(B172,'Base de données Mono'!D:D,0)),"-")))))) -> 50 | O172: 45382 | P172: 45382 | Q172: 90 | R172: =IF(Q172="","",Q172-N172) -> 40 | S172: 7 | T172: 1 | U172: =R172*S172*T172 -> 280 | V172: - | W172: =IFERROR(IF(E172="Gaz","-",R172/N172),"-") -> 0.8 | X172: Dim | Y172: Impact Client | Z172: Changement de comportement | AA172: Ouverture dimanche
A173: =INDEX('Base de données Mono'!C:C,MATCH(B173,'Base de données Mono'!D:D,0)) -> GRASSE | B173: MO0055 | C173: =INDEX('Base de données Mono'!B:B,MATCH(B173,'Base de données Mono'!D:D,0)) -> SES8 | D173: =INDEX('Base de données Mono'!A:A,MATCH(B173,'Base de données Mono'!D:D,0)) -> JG | E173: Electricité | F173: =IF(O173="","-",IF(AND(X173="Nuit",WEEKDAY(O173,2)=7,O173<>P173),WEEKNUM(O173,2),WEEKNUM(O173,2)-1))+1 -> 13 | G173: =IF(O173="","-",MONTH(O173)) -> 3 | H173: 8.5 | I173: =INDEX('Base de données Mono'!K:K,MATCH(B173,'Base de données Mono'!D:D,0)) -> 0.20833333 | J173: =INDEX('Base de données Mono'!L:L,MATCH(B173,'Base de données Mono'!D:D,0)) -> 0.83333333 | K173: =INDEX('Base de données Mono'!M:M,MATCH(B173,'Base de données Mono'!D:D,0)) -> - | L173: =INDEX('Base de données Mono'!N:N,MATCH(B173,'Base de données Mono'!D:D,0)) -> - | M173: Hiver | N173: =IF(AND(E173="Electricité",M173="Hiver"),INDEX('Base de données Mono'!E:E,MATCH(B173,'Base de données Mono'!D:D,0)),IF(AND(E173="Electricité",M173="Mi-saison"),INDEX('Base de données Mono'!F:F,MATCH(B173,'Base de données Mono'!D:D,0)),IF(AND(E173="Electricité",M173="Eté"),INDEX('Base de données Mono'!G:G,MATCH(B173,'Base de données Mono'!D:D,0)),IF(AND(E173="Gaz",M173="Hiver"),INDEX('Base de données Mono'!J:J,MATCH(B173,'Base de données Mono'!D:D,0)),IF(AND(E173="Gaz",M173="Mi-saison"),INDEX('Base de données Mono'!#REF!,MATCH(B173,'Base de données Mono'!D:D,0)),IF(AND(E173="Gaz",M173="Eté"),INDEX('Base de données Mono'!#REF!,MATCH(B173,'Base de données Mono'!D:D,0)),"-")))))) -> 50 | O173: 45382 | P173: 45382 | Q173: 60 | R173: =IF(Q173="","",Q173-N173) -> 10 | S173: 8 | T173: 1 | U173: =R173*S173*T173 -> 80 | V173: - | W173: =IFERROR(IF(E173="Gaz","-",R173/N173),"-") -> 0.2 | X173: Dim | Y173: Impact Client | Z173: CVC | AA173: CVC en marche forcée sur GTC
A174: =INDEX('Base de données Mono'!C:C,MATCH(B174,'Base de données Mono'!D:D,0)) -> TOURS NATIONALE | B174: MO0035 | C174: =INDEX('Base de données Mono'!B:B,MATCH(B174,'Base de données Mono'!D:D,0)) -> SES8 | D174: =INDEX('Base de données Mono'!A:A,MATCH(B174,'Base de données Mono'!D:D,0)) -> AD | E174: Electricité | F174: =IF(O174="","-",IF(AND(X174="Nuit",WEEKDAY(O174,2)=7,O174<>P174),WEEKNUM(O174,2),WEEKNUM(O174,2)-1))+1 -> 13 | G174: =IF(O174="","-",MONTH(O174)) -> 3 | H174: 8.5 | I174: =INDEX('Base de données Mono'!K:K,MATCH(B174,'Base de données Mono'!D:D,0)) -> 0.22916667 | J174: =INDEX('Base de données Mono'!L:L,MATCH(B174,'Base de données Mono'!D:D,0)) -> 0.88541667 | K174: =INDEX('Base de données Mono'!M:M,MATCH(B174,'Base de données Mono'!D:D,0)) -> 0.31944444 | L174: =INDEX('Base de données Mono'!N:N,MATCH(B174,'Base de données Mono'!D:D,0)) -> 0.55208333 | M174: Hiver | N174: =IF(AND(E174="Electricité",M174="Hiver"),INDEX('Base de données Mono'!E:E,MATCH(B174,'Base de données Mono'!D:D,0)),IF(AND(E174="Electricité",M174="Mi-saison"),INDEX('Base de données Mono'!F:F,MATCH(B174,'Base de données Mono'!D:D,0)),IF(AND(E174="Electricité",M174="Eté"),INDEX('Base de données Mono'!G:G,MATCH(B174,'Base de données Mono'!D:D,0)),IF(AND(E174="Gaz",M174="Hiver"),INDEX('Base de données Mono'!J:J,MATCH(B174,'Base de données Mono'!D:D,0)),IF(AND(E174="Gaz",M174="Mi-saison"),INDEX('Base de données Mono'!#REF!,MATCH(B174,'Base de données Mono'!D:D,0)),IF(AND(E174="Gaz",M174="Eté"),INDEX('Base de données Mono'!#REF!,MATCH(B174,'Base de données Mono'!D:D,0)),"-")))))) -> 55 | O174: 45382 | P174: 45382 | Q174: 90 | R174: =IF(Q174="","",Q174-N174) -> 35 | S174: 5.5 | T174: 1 | U174: =R174*S174*T174 -> 192.5 | V174: - | W174: =IFERROR(IF(E174="Gaz","-",R174/N174),"-") -> 0.63636364 | X174: Dim | Y174: Impact Client | Z174: Changement de comportement | AA174: Ouverture dimanche
A175: =INDEX('Base de données Mono'!C:C,MATCH(B175,'Base de données Mono'!D:D,0)) -> ISSY GAMBETTA | B175: MO0037 | C175: =INDEX('Base de données Mono'!B:B,MATCH(B175,'Base de données Mono'!D:D,0)) -> SES8 | D175: =INDEX('Base de données Mono'!A:A,MATCH(B175,'Base de données Mono'!D:D,0)) -> AD | E175: Electricité | F175: =IF(O175="","-",IF(AND(X175="Nuit",WEEKDAY(O175,2)=7,O175<>P175),WEEKNUM(O175,2),WEEKNUM(O175,2)-1))+1 -> 13 | G175: =IF(O175="","-",MONTH(O175)) -> 3 | H175: 5.83 | I175: =INDEX('Base de données Mono'!K:K,MATCH(B175,'Base de données Mono'!D:D,0)) -> 0.25 | J175: =INDEX('Base de données Mono'!L:L,MATCH(B175,'Base de données Mono'!D:D,0)) -> 0.90625 | K175: =INDEX('Base de données Mono'!M:M,MATCH(B175,'Base de données Mono'!D:D,0)) -> 0.32638889 | L175: =INDEX('Base de données Mono'!N:N,MATCH(B175,'Base de données Mono'!D:D,0)) -> 0.54166667 | M175: Hiver | N175: =IF(AND(E175="Electricité",M175="Hiver"),INDEX('Base de données Mono'!E:E,MATCH(B175,'Base de données Mono'!D:D,0)),IF(AND(E175="Electricité",M175="Mi-saison"),INDEX('Base de données Mono'!F:F,MATCH(B175,'Base de données Mono'!D:D,0)),IF(AND(E175="Electricité",M175="Eté"),INDEX('Base de données Mono'!G:G,MATCH(B175,'Base de données Mono'!D:D,0)),IF(AND(E175="Gaz",M175="Hiver"),INDEX('Base de données Mono'!J:J,MATCH(B175,'Base de données Mono'!D:D,0)),IF(AND(E175="Gaz",M175="Mi-saison"),INDEX('Base de données Mono'!#REF!,MATCH(B175,'Base de données Mono'!D:D,0)),IF(AND(E175="Gaz",M175="Eté"),INDEX('Base de données Mono'!#REF!,MATCH(B175,'Base de données Mono'!D:D,0)),"-")))))) -> 35 | O175: 45382 | P175: 45382 | Q175: 55 | R175: =IF(Q175="","",Q175-N175) -> 20 | S175: 6 | T175: 1 | U175: =R175*S175*T175 -> 120 | V175: - | W175: =IFERROR(IF(E175="Gaz","-",R175/N175),"-") -> 0.57142857 | X175: Dim | Y175: Impact Client | Z175: Changement de comportement | AA175: Ouverture dimanche
A176: =INDEX('Base de données Mono'!C:C,MATCH(B176,'Base de données Mono'!D:D,0)) -> ISSY GAMBETTA | B176: MO0037 | C176: =INDEX('Base de données Mono'!B:B,MATCH(B176,'Base de données Mono'!D:D,0)) -> SES8 | D176: =INDEX('Base de données Mono'!A:A,MATCH(B176,'Base de données Mono'!D:D,0)) -> AD | E176: Electricité | F176: =IF(O176="","-",IF(AND(X176="Nuit",WEEKDAY(O176,2)=7,O176<>P176),WEEKNUM(O176,2),WEEKNUM(O176,2)-1))+1 -> 13 | G176: =IF(O176="","-",MONTH(O176)) -> 3 | H176: 8.25 | I176: =INDEX('Base de données Mono'!K:K,MATCH(B176,'Base de données Mono'!D:D,0)) -> 0.25 | J176: =INDEX('Base de données Mono'!L:L,MATCH(B176,'Base de données Mono'!D:D,0)) -> 0.90625 | K176: =INDEX('Base de données Mono'!M:M,MATCH(B176,'Base de données Mono'!D:D,0)) -> 0.32638889 | L176: =INDEX('Base de données Mono'!N:N,MATCH(B176,'Base de données Mono'!D:D,0)) -> 0.54166667 | M176: Hiver | N176: =IF(AND(E176="Electricité",M176="Hiver"),INDEX('Base de données Mono'!E:E,MATCH(B176,'Base de données Mono'!D:D,0)),IF(AND(E176="Electricité",M176="Mi-saison"),INDEX('Base de données Mono'!F:F,MATCH(B176,'Base de données Mono'!D:D,0)),IF(AND(E176="Electricité",M176="Eté"),INDEX('Base de données Mono'!G:G,MATCH(B176,'Base de données Mono'!D:D,0)),IF(AND(E176="Gaz",M176="Hiver"),INDEX('Base de données Mono'!J:J,MATCH(B176,'Base de données Mono'!D:D,0)),IF(AND(E176="Gaz",M176="Mi-saison"),INDEX('Base de données Mono'!#REF!,MATCH(B176,'Base de données Mono'!D:D,0)),IF(AND(E176="Gaz",M176="Eté"),INDEX('Base de données Mono'!#REF!,MATCH(B176,'Base de données Mono'!D:D,0)),"-")))))) -> 35 | O176: 45382 | P176: 45382 | Q176: 40 | R176: =IF(Q176="","",Q176-N176) -> 5 | S176: 2 | T176: 1 | U176: =R176*S176*T176 -> 10 | V176: - | W176: =IFERROR(IF(E176="Gaz","-",R176/N176),"-") -> 0.14285714 | X176: Dim | Y176: Impact Client | Z176: CVC | AA176: CVC en marche forcée sur GTC
A177: =INDEX('Base de données Mono'!C:C,MATCH(B177,'Base de données Mono'!D:D,0)) -> ANGERS LES HALLES | B177: MO0039 | C177: =INDEX('Base de données Mono'!B:B,MATCH(B177,'Base de données Mono'!D:D,0)) -> SES8 | D177: =INDEX('Base de données Mono'!A:A,MATCH(B177,'Base de données Mono'!D:D,0)) -> AD | E177: Electricité | F177: =IF(O177="","-",IF(AND(X177="Nuit",WEEKDAY(O177,2)=7,O177<>P177),WEEKNUM(O177,2),WEEKNUM(O177,2)-1))+1 -> 13 | G177: =IF(O177="","-",MONTH(O177)) -> 3 | I177: =INDEX('Base de données Mono'!K:K,MATCH(B177,'Base de données Mono'!D:D,0)) -> 0.20833333 | J177: =INDEX('Base de données Mono'!L:L,MATCH(B177,'Base de données Mono'!D:D,0)) -> 0.875 | K177: =INDEX('Base de données Mono'!M:M,MATCH(B177,'Base de données Mono'!D:D,0)) -> - | L177: =INDEX('Base de données Mono'!N:N,MATCH(B177,'Base de données Mono'!D:D,0)) -> - | M177: Hiver | N177: =IF(AND(E177="Electricité",M177="Hiver"),INDEX('Base de données Mono'!E:E,MATCH(B177,'Base de données Mono'!D:D,0)),IF(AND(E177="Electricité",M177="Mi-saison"),INDEX('Base de données Mono'!F:F,MATCH(B177,'Base de données Mono'!D:D,0)),IF(AND(E177="Electricité",M177="Eté"),INDEX('Base de données Mono'!G:G,MATCH(B177,'Base de données Mono'!D:D,0)),IF(AND(E177="Gaz",M177="Hiver"),INDEX('Base de données Mono'!J:J,MATCH(B177,'Base de données Mono'!D:D,0)),IF(AND(E177="Gaz",M177="Mi-saison"),INDEX('Base de données Mono'!#REF!,MATCH(B177,'Base de données Mono'!D:D,0)),IF(AND(E177="Gaz",M177="Eté"),INDEX('Base de données Mono'!#REF!,MATCH(B177,'Base de données Mono'!D:D,0)),"-")))))) -> 60 | O177: 45382 | P177: 45382 | Q177: 110 | R177: =IF(Q177="","",Q177-N177) -> 50 | S177: 5.5 | T177: 1 | U177: =R177*S177*T177 -> 275 | V177: - | W177: =IFERROR(IF(E177="Gaz","-",R177/N177),"-") -> 0.83333333 | X177: Dim | Y177: Impact Client | Z177: Changement de comportement | AA177: Ouverture dimanche
A178: =INDEX('Base de données Mono'!C:C,MATCH(B178,'Base de données Mono'!D:D,0)) -> ANGERS LES HALLES | B178: MO0039 | C178: =INDEX('Base de données Mono'!B:B,MATCH(B178,'Base de données Mono'!D:D,0)) -> SES8 | D178: =INDEX('Base de données Mono'!A:A,MATCH(B178,'Base de données Mono'!D:D,0)) -> AD | E178: Electricité | F178: =IF(O178="","-",IF(AND(X178="Nuit",WEEKDAY(O178,2)=7,O178<>P178),WEEKNUM(O178,2),WEEKNUM(O178,2)-1))+1 -> 13 | G178: =IF(O178="","-",MONTH(O178)) -> 3 | I178: =INDEX('Base de données Mono'!K:K,MATCH(B178,'Base de données Mono'!D:D,0)) -> 0.20833333 | J178: =INDEX('Base de données Mono'!L:L,MATCH(B178,'Base de données Mono'!D:D,0)) -> 0.875 | K178: =INDEX('Base de données Mono'!M:M,MATCH(B178,'Base de données Mono'!D:D,0)) -> - | L178: =INDEX('Base de données Mono'!N:N,MATCH(B178,'Base de données Mono'!D:D,0)) -> - | M178: Hiver | N178: =IF(AND(E178="Electricité",M178="Hiver"),INDEX('Base de données Mono'!E:E,MATCH(B178,'Base de données Mono'!D:D,0)),IF(AND(E178="Electricité",M178="Mi-saison"),INDEX('Base de données Mono'!F:F,MATCH(B178,'Base de données Mono'!D:D,0)),IF(AND(E178="Electricité",M178="Eté"),INDEX('Base de données Mono'!G:G,MATCH(B178,'Base de données Mono'!D:D,0)),IF(AND(E178="Gaz",M178="Hiver"),INDEX('Base de données Mono'!J:J,MATCH(B178,'Base de données Mono'!D:D,0)),IF(AND(E178="Gaz",M178="Mi-saison"),INDEX('Base de données Mono'!#REF!,MATCH(B178,'Base de données Mono'!D:D,0)),IF(AND(E178="Gaz",M178="Eté"),INDEX('Base de données Mono'!#REF!,MATCH(B178,'Base de données Mono'!D:D,0)),"-")))))) -> 60 | O178: 45382 | P178: 45382 | Q178: 75 | R178: =IF(Q178="","",Q178-N178) -> 15 | S178: 10.5 | T178: 1 | U178: =R178*S178*T178 -> 157.5 | V178: - | W178: =IFERROR(IF(E178="Gaz","-",R178/N178),"-") -> 0.25 | X178: Dim | Y178: Impact Client | Z178: CVC | AA178: CVC en marche forcée sur GTC
A179: =INDEX('Base de données Mono'!C:C,MATCH(B179,'Base de données Mono'!D:D,0)) -> NANCY ST SEBASTIEN | B179: MO0041 | C179: =INDEX('Base de données Mono'!B:B,MATCH(B179,'Base de données Mono'!D:D,0)) -> SES8 | D179: =INDEX('Base de données Mono'!A:A,MATCH(B179,'Base de données Mono'!D:D,0)) -> JG | E179: Electricité | F179: =IF(O179="","-",IF(AND(X179="Nuit",WEEKDAY(O179,2)=7,O179<>P179),WEEKNUM(O179,2),WEEKNUM(O179,2)-1))+1 -> 13 | G179: =IF(O179="","-",MONTH(O179)) -> 3 | H179: 8.25 | I179: =INDEX('Base de données Mono'!K:K,MATCH(B179,'Base de données Mono'!D:D,0)) -> 0.23611111 | J179: =INDEX('Base de données Mono'!L:L,MATCH(B179,'Base de données Mono'!D:D,0)) -> 0.86458333 | K179: =INDEX('Base de données Mono'!M:M,MATCH(B179,'Base de données Mono'!D:D,0)) -> - | L179: =INDEX('Base de données Mono'!N:N,MATCH(B179,'Base de données Mono'!D:D,0)) -> - | M179: Hiver | N179: =IF(AND(E179="Electricité",M179="Hiver"),INDEX('Base de données Mono'!E:E,MATCH(B179,'Base de données Mono'!D:D,0)),IF(AND(E179="Electricité",M179="Mi-saison"),INDEX('Base de données Mono'!F:F,MATCH(B179,'Base de données Mono'!D:D,0)),IF(AND(E179="Electricité",M179="Eté"),INDEX('Base de données Mono'!G:G,MATCH(B179,'Base de données Mono'!D:D,0)),IF(AND(E179="Gaz",M179="Hiver"),INDEX('Base de données Mono'!J:J,MATCH(B179,'Base de données Mono'!D:D,0)),IF(AND(E179="Gaz",M179="Mi-saison"),INDEX('Base de données Mono'!#REF!,MATCH(B179,'Base de données Mono'!D:D,0)),IF(AND(E179="Gaz",M179="Eté"),INDEX('Base de données Mono'!#REF!,MATCH(B179,'Base de données Mono'!D:D,0)),"-")))))) -> 85 | O179: 45382 | P179: 45382 | Q179: 105 | R179: =IF(Q179="","",Q179-N179) -> 20 | S179: 15 | T179: 1 | U179: =R179*S179*T179 -> 300 | V179: - | W179: =IFERROR(IF(E179="Gaz","-",R179/N179),"-") -> 0.23529412 | X179: Dim | Y179: Impact Client | Z179: CVC | AA179: CVC en marche forcée sur GTC
A180: =INDEX('Base de données Mono'!C:C,MATCH(B180,'Base de données Mono'!D:D,0)) -> TOLBIAC | B180: MO0049 | C180: =INDEX('Base de données Mono'!B:B,MATCH(B180,'Base de données Mono'!D:D,0)) -> SES8 | D180: =INDEX('Base de données Mono'!A:A,MATCH(B180,'Base de données Mono'!D:D,0)) -> JG | E180: Electricité | F180: =IF(O180="","-",IF(AND(X180="Nuit",WEEKDAY(O180,2)=7,O180<>P180),WEEKNUM(O180,2),WEEKNUM(O180,2)-1))+1 -> 13 | G180: =IF(O180="","-",MONTH(O180)) -> 3 | H180: 8.25 | I180: =INDEX('Base de données Mono'!K:K,MATCH(B180,'Base de données Mono'!D:D,0)) -> 0.24305556 | J180: =INDEX('Base de données Mono'!L:L,MATCH(B180,'Base de données Mono'!D:D,0)) -> 0.92708333 | K180: =INDEX('Base de données Mono'!M:M,MATCH(B180,'Base de données Mono'!D:D,0)) -> - | L180: =INDEX('Base de données Mono'!N:N,MATCH(B180,'Base de données Mono'!D:D,0)) -> - | M180: Hiver | N180: =IF(AND(E180="Electricité",M180="Hiver"),INDEX('Base de données Mono'!E:E,MATCH(B180,'Base de données Mono'!D:D,0)),IF(AND(E180="Electricité",M180="Mi-saison"),INDEX('Base de données Mono'!F:F,MATCH(B180,'Base de données Mono'!D:D,0)),IF(AND(E180="Electricité",M180="Eté"),INDEX('Base de données Mono'!G:G,MATCH(B180,'Base de données Mono'!D:D,0)),IF(AND(E180="Gaz",M180="Hiver"),INDEX('Base de données Mono'!J:J,MATCH(B180,'Base de données Mono'!D:D,0)),IF(AND(E180="Gaz",M180="Mi-saison"),INDEX('Base de données Mono'!#REF!,MATCH(B180,'Base de données Mono'!D:D,0)),IF(AND(E180="Gaz",M180="Eté"),INDEX('Base de données Mono'!#REF!,MATCH(B180,'Base de données Mono'!D:D,0)),"-")))))) -> 50 | O180: 45382 | P180: 45382 | Q180: 65 | R180: =IF(Q180="","",Q180-N180) -> 15 | S180: 2 | T180: 1 | U180: =R180*S180*T180 -> 30 | V180: - | W180: =IFERROR(IF(E180="Gaz","-",R180/N180),"-") -> 0.3 | X180: Dim | Y180: Impact Client | Z180: CVC | AA180: CVC en marche forcée sur GTC
A181: =INDEX('Base de données Mono'!C:C,MATCH(B181,'Base de données Mono'!D:D,0)) -> TOLBIAC | B181: MO0049 | C181: =INDEX('Base de données Mono'!B:B,MATCH(B181,'Base de données Mono'!D:D,0)) -> SES8 | D181: =INDEX('Base de données Mono'!A:A,MATCH(B181,'Base de données Mono'!D:D,0)) -> JG | E181: Electricité | F181: =IF(O181="","-",IF(AND(X181="Nuit",WEEKDAY(O181,2)=7,O181<>P181),WEEKNUM(O181,2),WEEKNUM(O181,2)-1))+1 -> 13 | G181: =IF(O181="","-",MONTH(O181)) -> 3 | H181: 8.25 | I181: =INDEX('Base de données Mono'!K:K,MATCH(B181,'Base de données Mono'!D:D,0)) -> 0.24305556 | J181: =INDEX('Base de données Mono'!L:L,MATCH(B181,'Base de données Mono'!D:D,0)) -> 0.92708333 | K181: =INDEX('Base de données Mono'!M:M,MATCH(B181,'Base de données Mono'!D:D,0)) -> - | L181: =INDEX('Base de données Mono'!N:N,MATCH(B181,'Base de données Mono'!D:D,0)) -> - | M181: Hiver | N181: =IF(AND(E181="Electricité",M181="Hiver"),INDEX('Base de données Mono'!E:E,MATCH(B181,'Base de données Mono'!D:D,0)),IF(AND(E181="Electricité",M181="Mi-saison"),INDEX('Base de données Mono'!F:F,MATCH(B181,'Base de données Mono'!D:D,0)),IF(AND(E181="Electricité",M181="Eté"),INDEX('Base de données Mono'!G:G,MATCH(B181,'Base de données Mono'!D:D,0)),IF(AND(E181="Gaz",M181="Hiver"),INDEX('Base de données Mono'!J:J,MATCH(B181,'Base de données Mono'!D:D,0)),IF(AND(E181="Gaz",M181="Mi-saison"),INDEX('Base de données Mono'!#REF!,MATCH(B181,'Base de données Mono'!D:D,0)),IF(AND(E181="Gaz",M181="Eté"),INDEX('Base de données Mono'!#REF!,MATCH(B181,'Base de données Mono'!D:D,0)),"-")))))) -> 50 | O181: 45382 | P181: 45382 | Q181: 95 | R181: =IF(Q181="","",Q181-N181) -> 45 | S181: 15 | T181: 1 | U181: =R181*S181*T181 -> 675 | V181: - | W181: =IFERROR(IF(E181="Gaz","-",R181/N181),"-") -> 0.9 | X181: Dim | Y181: Impact Client | Z181: Changement de comportement | AA181: Ouverture dimanche
A182: =INDEX('Base de données Mono'!C:C,MATCH(B182,'Base de données Mono'!D:D,0)) -> BORDEAUX ST CHRISTOLY | B182: MO0054 | C182: =INDEX('Base de données Mono'!B:B,MATCH(B182,'Base de données Mono'!D:D,0)) -> SES8 | D182: =INDEX('Base de données Mono'!A:A,MATCH(B182,'Base de données Mono'!D:D,0)) -> AD | E182: Electricité | F182: =IF(O182="","-",IF(AND(X182="Nuit",WEEKDAY(O182,2)=7,O182<>P182),WEEKNUM(O182,2),WEEKNUM(O182,2)-1))+1 -> 13 | G182: =IF(O182="","-",MONTH(O182)) -> 3 | H182: 8.25 | I182: =INDEX('Base de données Mono'!K:K,MATCH(B182,'Base de données Mono'!D:D,0)) -> 0.16666667 | J182: =INDEX('Base de données Mono'!L:L,MATCH(B182,'Base de données Mono'!D:D,0)) -> 0.875 | K182: =INDEX('Base de données Mono'!M:M,MATCH(B182,'Base de données Mono'!D:D,0)) -> 0.20833333 | L182: =INDEX('Base de données Mono'!N:N,MATCH(B182,'Base de données Mono'!D:D,0)) -> 0.54166667 | M182: Hiver | N182: =IF(AND(E182="Electricité",M182="Hiver"),INDEX('Base de données Mono'!E:E,MATCH(B182,'Base de données Mono'!D:D,0)),IF(AND(E182="Electricité",M182="Mi-saison"),INDEX('Base de données Mono'!F:F,MATCH(B182,'Base de données Mono'!D:D,0)),IF(AND(E182="Electricité",M182="Eté"),INDEX('Base de données Mono'!G:G,MATCH(B182,'Base de données Mono'!D:D,0)),IF(AND(E182="Gaz",M182="Hiver"),INDEX('Base de données Mono'!J:J,MATCH(B182,'Base de données Mono'!D:D,0)),IF(AND(E182="Gaz",M182="Mi-saison"),INDEX('Base de données Mono'!#REF!,MATCH(B182,'Base de données Mono'!D:D,0)),IF(AND(E182="Gaz",M182="Eté"),INDEX('Base de données Mono'!#REF!,MATCH(B182,'Base de données Mono'!D:D,0)),"-")))))) -> 70 | O182: 45382 | P182: 45382 | Q182: 125 | R182: =IF(Q182="","",Q182-N182) -> 55 | S182: 7 | T182: 1 | U182: =R182*S182*T182 -> 385 | V182: - | W182: =IFERROR(IF(E182="Gaz","-",R182/N182),"-") -> 0.78571429 | X182: Dim | Y182: Impact Client | Z182: Changement de comportement | AA182: Ouverture dimanche
A183: =INDEX('Base de données Mono'!C:C,MATCH(B183,'Base de données Mono'!D:D,0)) -> BORDEAUX ST CHRISTOLY | B183: MO0054 | C183: =INDEX('Base de données Mono'!B:B,MATCH(B183,'Base de données Mono'!D:D,0)) -> SES8 | D183: =INDEX('Base de données Mono'!A:A,MATCH(B183,'Base de données Mono'!D:D,0)) -> AD | E183: Electricité | F183: =IF(O183="","-",IF(AND(X183="Nuit",WEEKDAY(O183,2)=7,O183<>P183),WEEKNUM(O183,2),WEEKNUM(O183,2)-1))+1 -> 13 | G183: =IF(O183="","-",MONTH(O183)) -> 3 | H183: 8.25 | I183: =INDEX('Base de données Mono'!K:K,MATCH(B183,'Base de données Mono'!D:D,0)) -> 0.16666667 | J183: =INDEX('Base de données Mono'!L:L,MATCH(B183,'Base de données Mono'!D:D,0)) -> 0.875 | K183: =INDEX('Base de données Mono'!M:M,MATCH(B183,'Base de données Mono'!D:D,0)) -> 0.20833333 | L183: =INDEX('Base de données Mono'!N:N,MATCH(B183,'Base de données Mono'!D:D,0)) -> 0.54166667 | M183: Hiver | N183: =IF(AND(E183="Electricité",M183="Hiver"),INDEX('Base de données Mono'!E:E,MATCH(B183,'Base de données Mono'!D:D,0)),IF(AND(E183="Electricité",M183="Mi-saison"),INDEX('Base de données Mono'!F:F,MATCH(B183,'Base de données Mono'!D:D,0)),IF(AND(E183="Electricité",M183="Eté"),INDEX('Base de données Mono'!G:G,MATCH(B183,'Base de données Mono'!D:D,0)),IF(AND(E183="Gaz",M183="Hiver"),INDEX('Base de données Mono'!J:J,MATCH(B183,'Base de données Mono'!D:D,0)),IF(AND(E183="Gaz",M183="Mi-saison"),INDEX('Base de données Mono'!#REF!,MATCH(B183,'Base de données Mono'!D:D,0)),IF(AND(E183="Gaz",M183="Eté"),INDEX('Base de données Mono'!#REF!,MATCH(B183,'Base de données Mono'!D:D,0)),"-")))))) -> 70 | O183: 45382 | P183: 45382 | Q183: 90 | R183: =IF(Q183="","",Q183-N183) -> 20 | S183: 2 | T183: 1 | U183: =R183*S183*T183 -> 40 | V183: - | W183: =IFERROR(IF(E183="Gaz","-",R183/N183),"-") -> 0.28571429 | X183: Dim | Y183: Impact Client | Z183: CVC | AA183: CVC en marche forcée sur GTC
A184: =INDEX('Base de données Mono'!C:C,MATCH(B184,'Base de données Mono'!D:D,0)) -> REIMS | B184: MO0056 | C184: =INDEX('Base de données Mono'!B:B,MATCH(B184,'Base de données Mono'!D:D,0)) -> SES8 | D184: =INDEX('Base de données Mono'!A:A,MATCH(B184,'Base de données Mono'!D:D,0)) -> JG | E184: Electricité | F184: =IF(O184="","-",IF(AND(X184="Nuit",WEEKDAY(O184,2)=7,O184<>P184),WEEKNUM(O184,2),WEEKNUM(O184,2)-1))+1 -> 13 | G184: =IF(O184="","-",MONTH(O184)) -> 3 | H184: 8.25 | I184: =INDEX('Base de données Mono'!K:K,MATCH(B184,'Base de données Mono'!D:D,0)) -> 0.22916667 | J184: =INDEX('Base de données Mono'!L:L,MATCH(B184,'Base de données Mono'!D:D,0)) -> 0.85416667 | K184: =INDEX('Base de données Mono'!M:M,MATCH(B184,'Base de données Mono'!D:D,0)) -> 0.3125 | L184: =INDEX('Base de données Mono'!N:N,MATCH(B184,'Base de données Mono'!D:D,0)) -> 0.5625 | M184: Hiver | N184: =IF(AND(E184="Electricité",M184="Hiver"),INDEX('Base de données Mono'!E:E,MATCH(B184,'Base de données Mono'!D:D,0)),IF(AND(E184="Electricité",M184="Mi-saison"),INDEX('Base de données Mono'!F:F,MATCH(B184,'Base de données Mono'!D:D,0)),IF(AND(E184="Electricité",M184="Eté"),INDEX('Base de données Mono'!G:G,MATCH(B184,'Base de données Mono'!D:D,0)),IF(AND(E184="Gaz",M184="Hiver"),INDEX('Base de données Mono'!J:J,MATCH(B184,'Base de données Mono'!D:D,0)),IF(AND(E184="Gaz",M184="Mi-saison"),INDEX('Base de données Mono'!#REF!,MATCH(B184,'Base de données Mono'!D:D,0)),IF(AND(E184="Gaz",M184="Eté"),INDEX('Base de données Mono'!#REF!,MATCH(B184,'Base de données Mono'!D:D,0)),"-")))))) -> 50 | O184: 45382 | P184: 45382 | Q184: 100 | R184: =IF(Q184="","",Q184-N184) -> 50 | S184: 6.5 | T184: 1 | U184: =R184*S184*T184 -> 325 | V184: - | W184: =IFERROR(IF(E184="Gaz","-",R184/N184),"-") -> 1 | X184: Dim | Y184: Impact Client | Z184: Changement de comportement | AA184: Ouverture dimanche
A185: =INDEX('Base de données Mono'!C:C,MATCH(B185,'Base de données Mono'!D:D,0)) -> REPUBLIQUE | B185: MO0074 | C185: =INDEX('Base de données Mono'!B:B,MATCH(B185,'Base de données Mono'!D:D,0)) -> SES8 | D185: =INDEX('Base de données Mono'!A:A,MATCH(B185,'Base de données Mono'!D:D,0)) -> JG | E185: Electricité | F185: =IF(O185="","-",IF(AND(X185="Nuit",WEEKDAY(O185,2)=7,O185<>P185),WEEKNUM(O185,2),WEEKNUM(O185,2)-1))+1 -> 13 | G185: =IF(O185="","-",MONTH(O185)) -> 3 | H185: 8.25 | I185: =INDEX('Base de données Mono'!K:K,MATCH(B185,'Base de données Mono'!D:D,0)) -> 0.24305556 | J185: =INDEX('Base de données Mono'!L:L,MATCH(B185,'Base de données Mono'!D:D,0)) -> 0.94791667 | K185: =INDEX('Base de données Mono'!M:M,MATCH(B185,'Base de données Mono'!D:D,0)) -> 0.25 | L185: =INDEX('Base de données Mono'!N:N,MATCH(B185,'Base de données Mono'!D:D,0)) -> 0.54166667 | M185: Hiver | N185: =IF(AND(E185="Electricité",M185="Hiver"),INDEX('Base de données Mono'!E:E,MATCH(B185,'Base de données Mono'!D:D,0)),IF(AND(E185="Electricité",M185="Mi-saison"),INDEX('Base de données Mono'!F:F,MATCH(B185,'Base de données Mono'!D:D,0)),IF(AND(E185="Electricité",M185="Eté"),INDEX('Base de données Mono'!G:G,MATCH(B185,'Base de données Mono'!D:D,0)),IF(AND(E185="Gaz",M185="Hiver"),INDEX('Base de données Mono'!J:J,MATCH(B185,'Base de données Mono'!D:D,0)),IF(AND(E185="Gaz",M185="Mi-saison"),INDEX('Base de données Mono'!#REF!,MATCH(B185,'Base de données Mono'!D:D,0)),IF(AND(E185="Gaz",M185="Eté"),INDEX('Base de données Mono'!#REF!,MATCH(B185,'Base de données Mono'!D:D,0)),"-")))))) -> 80 | O185: 45382 | P185: 45382 | Q185: 120 | R185: =IF(Q185="","",Q185-N185) -> 40 | S185: 6.5 | T185: 1 | U185: =R185*S185*T185 -> 260 | V185: - | W185: =IFERROR(IF(E185="Gaz","-",R185/N185),"-") -> 0.5 | X185: Dim | Y185: Impact Client | Z185: Changement de comportement | AA185: Ouverture dimanche
A186: =INDEX('Base de données Mono'!C:C,MATCH(B186,'Base de données Mono'!D:D,0)) -> ST GERMAIN | B186: MO0080 | C186: =INDEX('Base de données Mono'!B:B,MATCH(B186,'Base de données Mono'!D:D,0)) -> SES8 | D186: =INDEX('Base de données Mono'!A:A,MATCH(B186,'Base de données Mono'!D:D,0)) -> AD | E186: Electricité | F186: =IF(O186="","-",IF(AND(X186="Nuit",WEEKDAY(O186,2)=7,O186<>P186),WEEKNUM(O186,2),WEEKNUM(O186,2)-1))+1 -> 13 | G186: =IF(O186="","-",MONTH(O186)) -> 3 | H186: 8.25 | I186: =INDEX('Base de données Mono'!K:K,MATCH(B186,'Base de données Mono'!D:D,0)) -> 0.24305556 | J186: =INDEX('Base de données Mono'!L:L,MATCH(B186,'Base de données Mono'!D:D,0)) -> 0.90625 | K186: =INDEX('Base de données Mono'!M:M,MATCH(B186,'Base de données Mono'!D:D,0)) -> 0.28125 | L186: =INDEX('Base de données Mono'!N:N,MATCH(B186,'Base de données Mono'!D:D,0)) -> 0.5625 | M186: Hiver | N186: =IF(AND(E186="Electricité",M186="Hiver"),INDEX('Base de données Mono'!E:E,MATCH(B186,'Base de données Mono'!D:D,0)),IF(AND(E186="Electricité",M186="Mi-saison"),INDEX('Base de données Mono'!F:F,MATCH(B186,'Base de données Mono'!D:D,0)),IF(AND(E186="Electricité",M186="Eté"),INDEX('Base de données Mono'!G:G,MATCH(B186,'Base de données Mono'!D:D,0)),IF(AND(E186="Gaz",M186="Hiver"),INDEX('Base de données Mono'!J:J,MATCH(B186,'Base de données Mono'!D:D,0)),IF(AND(E186="Gaz",M186="Mi-saison"),INDEX('Base de données Mono'!#REF!,MATCH(B186,'Base de données Mono'!D:D,0)),IF(AND(E186="Gaz",M186="Eté"),INDEX('Base de données Mono'!#REF!,MATCH(B186,'Base de données Mono'!D:D,0)),"-")))))) -> 120 | O186: 45382 | P186: 45382 | Q186: 165 | R186: =IF(Q186="","",Q186-N186) -> 45 | S186: 6.5 | T186: 1 | U186: =R186*S186*T186 -> 292.5 | V186: - | W186: =IFERROR(IF(E186="Gaz","-",R186/N186),"-") -> 0.375 | X186: Dim | Y186: Impact Client | Z186: Changement de comportement | AA186: Ouverture dimanche
A187: =INDEX('Base de données Mono'!C:C,MATCH(B187,'Base de données Mono'!D:D,0)) -> MULHOUSE | B187: MO0081 | C187: =INDEX('Base de données Mono'!B:B,MATCH(B187,'Base de données Mono'!D:D,0)) -> SES8 | D187: =INDEX('Base de données Mono'!A:A,MATCH(B187,'Base de données Mono'!D:D,0)) -> JG | E187: Electricité | F187: =IF(O187="","-",IF(AND(X187="Nuit",WEEKDAY(O187,2)=7,O187<>P187),WEEKNUM(O187,2),WEEKNUM(O187,2)-1))+1 -> 13 | G187: =IF(O187="","-",MONTH(O187)) -> 3 | H187: 8.25 | I187: =INDEX('Base de données Mono'!K:K,MATCH(B187,'Base de données Mono'!D:D,0)) -> 0.24305556 | J187: =INDEX('Base de données Mono'!L:L,MATCH(B187,'Base de données Mono'!D:D,0)) -> 0.84375 | K187: =INDEX('Base de données Mono'!M:M,MATCH(B187,'Base de données Mono'!D:D,0)) -> - | L187: =INDEX('Base de données Mono'!N:N,MATCH(B187,'Base de données Mono'!D:D,0)) -> - | M187: Hiver | N187: =IF(AND(E187="Electricité",M187="Hiver"),INDEX('Base de données Mono'!E:E,MATCH(B187,'Base de données Mono'!D:D,0)),IF(AND(E187="Electricité",M187="Mi-saison"),INDEX('Base de données Mono'!F:F,MATCH(B187,'Base de données Mono'!D:D,0)),IF(AND(E187="Electricité",M187="Eté"),INDEX('Base de données Mono'!G:G,MATCH(B187,'Base de données Mono'!D:D,0)),IF(AND(E187="Gaz",M187="Hiver"),INDEX('Base de données Mono'!J:J,MATCH(B187,'Base de données Mono'!D:D,0)),IF(AND(E187="Gaz",M187="Mi-saison"),INDEX('Base de données Mono'!#REF!,MATCH(B187,'Base de données Mono'!D:D,0)),IF(AND(E187="Gaz",M187="Eté"),INDEX('Base de données Mono'!#REF!,MATCH(B187,'Base de données Mono'!D:D,0)),"-")))))) -> 45 | O187: 45382 | P187: 45382 | Q187: 75 | R187: =IF(Q187="","",Q187-N187) -> 30 | S187: 10.5 | T187: 1 | U187: =R187*S187*T187 -> 315 | V187: - | W187: =IFERROR(IF(E187="Gaz","-",R187/N187),"-") -> 0.66666667 | X187: Dim | Y187: Impact Client | Z187: Changement de comportement | AA187: Ouverture dimanche
A188: =INDEX('Base de données Mono'!C:C,MATCH(B188,'Base de données Mono'!D:D,0)) -> MULHOUSE | B188: MO0081 | C188: =INDEX('Base de données Mono'!B:B,MATCH(B188,'Base de données Mono'!D:D,0)) -> SES8 | D188: =INDEX('Base de données Mono'!A:A,MATCH(B188,'Base de données Mono'!D:D,0)) -> JG | E188: Electricité | F188: =IF(O188="","-",IF(AND(X188="Nuit",WEEKDAY(O188,2)=7,O188<>P188),WEEKNUM(O188,2),WEEKNUM(O188,2)-1))+1 -> 13 | G188: =IF(O188="","-",MONTH(O188)) -> 3 | H188: 8.25 | I188: =INDEX('Base de données Mono'!K:K,MATCH(B188,'Base de données Mono'!D:D,0)) -> 0.24305556 | J188: =INDEX('Base de données Mono'!L:L,MATCH(B188,'Base de données Mono'!D:D,0)) -> 0.84375 | K188: =INDEX('Base de données Mono'!M:M,MATCH(B188,'Base de données Mono'!D:D,0)) -> - | L188: =INDEX('Base de données Mono'!N:N,MATCH(B188,'Base de données Mono'!D:D,0)) -> - | M188: Hiver | N188: =IF(AND(E188="Electricité",M188="Hiver"),INDEX('Base de données Mono'!E:E,MATCH(B188,'Base de données Mono'!D:D,0)),IF(AND(E188="Electricité",M188="Mi-saison"),INDEX('Base de données Mono'!F:F,MATCH(B188,'Base de données Mono'!D:D,0)),IF(AND(E188="Electricité",M188="Eté"),INDEX('Base de données Mono'!G:G,MATCH(B188,'Base de données Mono'!D:D,0)),IF(AND(E188="Gaz",M188="Hiver"),INDEX('Base de données Mono'!J:J,MATCH(B188,'Base de données Mono'!D:D,0)),IF(AND(E188="Gaz",M188="Mi-saison"),INDEX('Base de données Mono'!#REF!,MATCH(B188,'Base de données Mono'!D:D,0)),IF(AND(E188="Gaz",M188="Eté"),INDEX('Base de données Mono'!#REF!,MATCH(B188,'Base de données Mono'!D:D,0)),"-")))))) -> 45 | O188: 45382 | P188: 45382 | Q188: 50 | R188: =IF(Q188="","",Q188-N188) -> 5 | S188: 3 | T188: 1 | U188: =R188*S188*T188 -> 15 | V188: - | W188: =IFERROR(IF(E188="Gaz","-",R188/N188),"-") -> 0.11111111 | X188: Dim | Y188: Impact Client | Z188: CVC | AA188: CVC en marche forcée sur GTC
A189: =INDEX('Base de données Mono'!C:C,MATCH(B189,'Base de données Mono'!D:D,0)) -> CROIX ROUSSE | B189: MO0106 | C189: =INDEX('Base de données Mono'!B:B,MATCH(B189,'Base de données Mono'!D:D,0)) -> SES8 | D189: =INDEX('Base de données Mono'!A:A,MATCH(B189,'Base de données Mono'!D:D,0)) -> JG | E189: Electricité | F189: =IF(O189="","-",IF(AND(X189="Nuit",WEEKDAY(O189,2)=7,O189<>P189),WEEKNUM(O189,2),WEEKNUM(O189,2)-1))+1 -> 13 | G189: =IF(O189="","-",MONTH(O189)) -> 3 | H189: 8.25 | I189: =INDEX('Base de données Mono'!K:K,MATCH(B189,'Base de données Mono'!D:D,0)) -> 0.20486111 | J189: =INDEX('Base de données Mono'!L:L,MATCH(B189,'Base de données Mono'!D:D,0)) -> 0.89583333 | K189: =INDEX('Base de données Mono'!M:M,MATCH(B189,'Base de données Mono'!D:D,0)) -> 0.29166667 | L189: =INDEX('Base de données Mono'!N:N,MATCH(B189,'Base de données Mono'!D:D,0)) -> 0.5625 | M189: Hiver | N189: =IF(AND(E189="Electricité",M189="Hiver"),INDEX('Base de données Mono'!E:E,MATCH(B189,'Base de données Mono'!D:D,0)),IF(AND(E189="Electricité",M189="Mi-saison"),INDEX('Base de données Mono'!F:F,MATCH(B189,'Base de données Mono'!D:D,0)),IF(AND(E189="Electricité",M189="Eté"),INDEX('Base de données Mono'!G:G,MATCH(B189,'Base de données Mono'!D:D,0)),IF(AND(E189="Gaz",M189="Hiver"),INDEX('Base de données Mono'!J:J,MATCH(B189,'Base de données Mono'!D:D,0)),IF(AND(E189="Gaz",M189="Mi-saison"),INDEX('Base de données Mono'!#REF!,MATCH(B189,'Base de données Mono'!D:D,0)),IF(AND(E189="Gaz",M189="Eté"),INDEX('Base de données Mono'!#REF!,MATCH(B189,'Base de données Mono'!D:D,0)),"-")))))) -> 80 | O189: 45382 | P189: 45382 | Q189: 145 | R189: =IF(Q189="","",Q189-N189) -> 65 | S189: 6.5 | T189: 1 | U189: =R189*S189*T189 -> 422.5 | V189: - | W189: =IFERROR(IF(E189="Gaz","-",R189/N189),"-") -> 0.8125 | X189: Dim | Y189: Impact Client | Z189: Changement de comportement | AA189: Ouverture dimanche
A190: =INDEX('Base de données Mono'!C:C,MATCH(B190,'Base de données Mono'!D:D,0)) -> MONTPELLIER COMEDIE | B190: MO0107 | C190: =INDEX('Base de données Mono'!B:B,MATCH(B190,'Base de données Mono'!D:D,0)) -> SES8 | D190: =INDEX('Base de données Mono'!A:A,MATCH(B190,'Base de données Mono'!D:D,0)) -> AD | E190: Electricité | F190: =IF(O190="","-",IF(AND(X190="Nuit",WEEKDAY(O190,2)=7,O190<>P190),WEEKNUM(O190,2),WEEKNUM(O190,2)-1))+1 -> 13 | G190: =IF(O190="","-",MONTH(O190)) -> 3 | H190: 8 | I190: =INDEX('Base de données Mono'!K:K,MATCH(B190,'Base de données Mono'!D:D,0)) -> 0.1875 | J190: =INDEX('Base de données Mono'!L:L,MATCH(B190,'Base de données Mono'!D:D,0)) -> 0.91666667 | K190: =INDEX('Base de données Mono'!M:M,MATCH(B190,'Base de données Mono'!D:D,0)) -> 0.29166667 | L190: =INDEX('Base de données Mono'!N:N,MATCH(B190,'Base de données Mono'!D:D,0)) -> 0.54166667 | M190: Hiver | N190: =IF(AND(E190="Electricité",M190="Hiver"),INDEX('Base de données Mono'!E:E,MATCH(B190,'Base de données Mono'!D:D,0)),IF(AND(E190="Electricité",M190="Mi-saison"),INDEX('Base de données Mono'!F:F,MATCH(B190,'Base de données Mono'!D:D,0)),IF(AND(E190="Electricité",M190="Eté"),INDEX('Base de données Mono'!G:G,MATCH(B190,'Base de données Mono'!D:D,0)),IF(AND(E190="Gaz",M190="Hiver"),INDEX('Base de données Mono'!J:J,MATCH(B190,'Base de données Mono'!D:D,0)),IF(AND(E190="Gaz",M190="Mi-saison"),INDEX('Base de données Mono'!#REF!,MATCH(B190,'Base de données Mono'!D:D,0)),IF(AND(E190="Gaz",M190="Eté"),INDEX('Base de données Mono'!#REF!,MATCH(B190,'Base de données Mono'!D:D,0)),"-")))))) -> 60 | O190: 45382 | P190: 45382 | Q190: 125 | R190: =IF(Q190="","",Q190-N190) -> 65 | S190: 7 | T190: 1 | U190: =R190*S190*T190 -> 455 | V190: - | W190: =IFERROR(IF(E190="Gaz","-",R190/N190),"-") -> 1.0833333 | X190: Dim | Y190: Impact Client | Z190: Changement de comportement | AA190: Ouverture dimanche
... A201: =INDEX('Base de données Mono'!C:C,MATCH(B201,'Base de données Mono'!D:D,0)) -> BOULOGNE LES PASSAGES | B201: MO0303 | C201: =INDEX('Base de données Mono'!B:B,MATCH(B201,'Base de données Mono'!D:D,0)) -> SES8 | D201: =INDEX('Base de données Mono'!A:A,MATCH(B201,'Base de données Mono'!D:D,0)) -> AD | E201: Electricité | F201: =IF(O201="","-",IF(AND(X201="Nuit",WEEKDAY(O201,2)=7,O201<>P201),WEEKNUM(O201,2),WEEKNUM(O201,2)-1))+1 -> 13 | G201: =IF(O201="","-",MONTH(O201)) -> 3 | H201: 8.67 | I201: =INDEX('Base de données Mono'!K:K,MATCH(B201,'Base de données Mono'!D:D,0)) -> 0.20833333 | J201: =INDEX('Base de données Mono'!L:L,MATCH(B201,'Base de données Mono'!D:D,0)) -> 0.85416667 | K201: =INDEX('Base de données Mono'!M:M,MATCH(B201,'Base de données Mono'!D:D,0)) -> - | L201: =INDEX('Base de données Mono'!N:N,MATCH(B201,'Base de données Mono'!D:D,0)) -> - | M201: Hiver | N201: =IF(AND(E201="Electricité",M201="Hiver"),INDEX('Base de données Mono'!E:E,MATCH(B201,'Base de données Mono'!D:D,0)),IF(AND(E201="Electricité",M201="Mi-saison"),INDEX('Base de données Mono'!F:F,MATCH(B201,'Base de données Mono'!D:D,0)),IF(AND(E201="Electricité",M201="Eté"),INDEX('Base de données Mono'!G:G,MATCH(B201,'Base de données Mono'!D:D,0)),IF(AND(E201="Gaz",M201="Hiver"),INDEX('Base de données Mono'!J:J,MATCH(B201,'Base de données Mono'!D:D,0)),IF(AND(E201="Gaz",M201="Mi-saison"),INDEX('Base de données Mono'!#REF!,MATCH(B201,'Base de données Mono'!D:D,0)),IF(AND(E201="Gaz",M201="Eté"),INDEX('Base de données Mono'!#REF!,MATCH(B201,'Base de données Mono'!D:D,0)),"-")))))) -> 95 | O201: 45382 | P201: 45382 | Q201: 105 | R201: =IF(Q201="","",Q201-N201) -> 10 | S201: 9.5 | T201: 1 | U201: =R201*S201*T201 -> 95 | V201: - | W201: =IFERROR(IF(E201="Gaz","-",R201/N201),"-") -> 0.10526316 | X201: Dim | Y201: Impact Client | Z201: CVC | AA201: CVC en marche forcée sur GTC
A202: =INDEX('Base de données Mono'!C:C,MATCH(B202,'Base de données Mono'!D:D,0)) -> ANNECY COURRIER | B202: MO0332 | C202: =INDEX('Base de données Mono'!B:B,MATCH(B202,'Base de données Mono'!D:D,0)) -> SES8 | D202: =INDEX('Base de données Mono'!A:A,MATCH(B202,'Base de données Mono'!D:D,0)) -> JG | E202: Electricité | F202: =IF(O202="","-",IF(AND(X202="Nuit",WEEKDAY(O202,2)=7,O202<>P202),WEEKNUM(O202,2),WEEKNUM(O202,2)-1))+1 -> 13 | G202: =IF(O202="","-",MONTH(O202)) -> 3 | I202: =INDEX('Base de données Mono'!K:K,MATCH(B202,'Base de données Mono'!D:D,0)) -> 0.20833333 | J202: =INDEX('Base de données Mono'!L:L,MATCH(B202,'Base de données Mono'!D:D,0)) -> 0.83333333 | K202: =INDEX('Base de données Mono'!M:M,MATCH(B202,'Base de données Mono'!D:D,0)) -> - | L202: =INDEX('Base de données Mono'!N:N,MATCH(B202,'Base de données Mono'!D:D,0)) -> - | M202: Hiver | N202: =IF(AND(E202="Electricité",M202="Hiver"),INDEX('Base de données Mono'!E:E,MATCH(B202,'Base de données Mono'!D:D,0)),IF(AND(E202="Electricité",M202="Mi-saison"),INDEX('Base de données Mono'!F:F,MATCH(B202,'Base de données Mono'!D:D,0)),IF(AND(E202="Electricité",M202="Eté"),INDEX('Base de données Mono'!G:G,MATCH(B202,'Base de données Mono'!D:D,0)),IF(AND(E202="Gaz",M202="Hiver"),INDEX('Base de données Mono'!J:J,MATCH(B202,'Base de données Mono'!D:D,0)),IF(AND(E202="Gaz",M202="Mi-saison"),INDEX('Base de données Mono'!#REF!,MATCH(B202,'Base de données Mono'!D:D,0)),IF(AND(E202="Gaz",M202="Eté"),INDEX('Base de données Mono'!#REF!,MATCH(B202,'Base de données Mono'!D:D,0)),"-")))))) -> 110 | O202: 45382 | P202: 45382 | Q202: 155 | R202: =IF(Q202="","",Q202-N202) -> 45 | S202: 15 | T202: 1 | U202: =R202*S202*T202 -> 675 | V202: - | W202: =IFERROR(IF(E202="Gaz","-",R202/N202),"-") -> 0.40909091 | X202: Dim | Y202: Impact Client | Z202: CVC | AA202: CVC en marche forcée sur GTC
A203: =INDEX('Base de données Mono'!C:C,MATCH(B203,'Base de données Mono'!D:D,0)) -> POITIERS | B203: MO0514 | C203: =INDEX('Base de données Mono'!B:B,MATCH(B203,'Base de données Mono'!D:D,0)) -> SES8 | D203: =INDEX('Base de données Mono'!A:A,MATCH(B203,'Base de données Mono'!D:D,0)) -> AD | E203: Electricité | F203: =IF(O203="","-",IF(AND(X203="Nuit",WEEKDAY(O203,2)=7,O203<>P203),WEEKNUM(O203,2),WEEKNUM(O203,2)-1))+1 -> 13 | G203: =IF(O203="","-",MONTH(O203)) -> 3 | H203: 8.67 | I203: =INDEX('Base de données Mono'!K:K,MATCH(B203,'Base de données Mono'!D:D,0)) -> 0.22916667 | J203: =INDEX('Base de données Mono'!L:L,MATCH(B203,'Base de données Mono'!D:D,0)) -> 0.875 | K203: =INDEX('Base de données Mono'!M:M,MATCH(B203,'Base de données Mono'!D:D,0)) -> 0.22916667 | L203: =INDEX('Base de données Mono'!N:N,MATCH(B203,'Base de données Mono'!D:D,0)) -> 0.54166667 | M203: Hiver | N203: =IF(AND(E203="Electricité",M203="Hiver"),INDEX('Base de données Mono'!E:E,MATCH(B203,'Base de données Mono'!D:D,0)),IF(AND(E203="Electricité",M203="Mi-saison"),INDEX('Base de données Mono'!F:F,MATCH(B203,'Base de données Mono'!D:D,0)),IF(AND(E203="Electricité",M203="Eté"),INDEX('Base de données Mono'!G:G,MATCH(B203,'Base de données Mono'!D:D,0)),IF(AND(E203="Gaz",M203="Hiver"),INDEX('Base de données Mono'!J:J,MATCH(B203,'Base de données Mono'!D:D,0)),IF(AND(E203="Gaz",M203="Mi-saison"),INDEX('Base de données Mono'!#REF!,MATCH(B203,'Base de données Mono'!D:D,0)),IF(AND(E203="Gaz",M203="Eté"),INDEX('Base de données Mono'!#REF!,MATCH(B203,'Base de données Mono'!D:D,0)),"-")))))) -> 80 | O203: 45382 | P203: 45382 | Q203: 90 | R203: =IF(Q203="","",Q203-N203) -> 10 | S203: 6 | T203: 1 | U203: =R203*S203*T203 -> 60 | V203: - | W203: =IFERROR(IF(E203="Gaz","-",R203/N203),"-") -> 0.125 | X203: Dim | Y203: Impact Client | Z203: CVC | AA203: CVC en marche forcée sur GTC
A204: =INDEX('Base de données Mono'!C:C,MATCH(B204,'Base de données Mono'!D:D,0)) -> MONTREUIL | B204: MO0522 | C204: =INDEX('Base de données Mono'!B:B,MATCH(B204,'Base de données Mono'!D:D,0)) -> SES8 | D204: =INDEX('Base de données Mono'!A:A,MATCH(B204,'Base de données Mono'!D:D,0)) -> JG | E204: Electricité | F204: =IF(O204="","-",IF(AND(X204="Nuit",WEEKDAY(O204,2)=7,O204<>P204),WEEKNUM(O204,2),WEEKNUM(O204,2)-1))+1 -> 13 | G204: =IF(O204="","-",MONTH(O204)) -> 3 | H204: 8.67 | I204: =INDEX('Base de données Mono'!K:K,MATCH(B204,'Base de données Mono'!D:D,0)) -> 0.24305556 | J204: =INDEX('Base de données Mono'!L:L,MATCH(B204,'Base de données Mono'!D:D,0)) -> 0.875 | K204: =INDEX('Base de données Mono'!M:M,MATCH(B204,'Base de données Mono'!D:D,0)) -> 0.27083333 | L204: =INDEX('Base de données Mono'!N:N,MATCH(B204,'Base de données Mono'!D:D,0)) -> 0.55902778 | M204: Hiver | N204: =IF(AND(E204="Electricité",M204="Hiver"),INDEX('Base de données Mono'!E:E,MATCH(B204,'Base de données Mono'!D:D,0)),IF(AND(E204="Electricité",M204="Mi-saison"),INDEX('Base de données Mono'!F:F,MATCH(B204,'Base de données Mono'!D:D,0)),IF(AND(E204="Electricité",M204="Eté"),INDEX('Base de données Mono'!G:G,MATCH(B204,'Base de données Mono'!D:D,0)),IF(AND(E204="Gaz",M204="Hiver"),INDEX('Base de données Mono'!J:J,MATCH(B204,'Base de données Mono'!D:D,0)),IF(AND(E204="Gaz",M204="Mi-saison"),INDEX('Base de données Mono'!#REF!,MATCH(B204,'Base de données Mono'!D:D,0)),IF(AND(E204="Gaz",M204="Eté"),INDEX('Base de données Mono'!#REF!,MATCH(B204,'Base de données Mono'!D:D,0)),"-")))))) -> 95 | O204: 45382 | P204: 45382 | Q204: 135 | R204: =IF(Q204="","",Q204-N204) -> 40 | S204: 6 | T204: 1 | U204: =R204*S204*T204 -> 240 | V204: - | W204: =IFERROR(IF(E204="Gaz","-",R204/N204),"-") -> 0.42105263 | X204: Dim | Y204: Impact Client | Z204: Changement de comportement | AA204: Ouverture dimanche
A205: =INDEX('Base de données Mono'!C:C,MATCH(B205,'Base de données Mono'!D:D,0)) -> MONTREUIL | B205: MO0522 | C205: =INDEX('Base de données Mono'!B:B,MATCH(B205,'Base de données Mono'!D:D,0)) -> SES8 | D205: =INDEX('Base de données Mono'!A:A,MATCH(B205,'Base de données Mono'!D:D,0)) -> JG | E205: Electricité | F205: =IF(O205="","-",IF(AND(X205="Nuit",WEEKDAY(O205,2)=7,O205<>P205),WEEKNUM(O205,2),WEEKNUM(O205,2)-1))+1 -> 13 | G205: =IF(O205="","-",MONTH(O205)) -> 3 | H205: 8.67 | I205: =INDEX('Base de données Mono'!K:K,MATCH(B205,'Base de données Mono'!D:D,0)) -> 0.24305556 | J205: =INDEX('Base de données Mono'!L:L,MATCH(B205,'Base de données Mono'!D:D,0)) -> 0.875 | K205: =INDEX('Base de données Mono'!M:M,MATCH(B205,'Base de données Mono'!D:D,0)) -> 0.27083333 | L205: =INDEX('Base de données Mono'!N:N,MATCH(B205,'Base de données Mono'!D:D,0)) -> 0.55902778 | M205: Hiver | N205: =IF(AND(E205="Electricité",M205="Hiver"),INDEX('Base de données Mono'!E:E,MATCH(B205,'Base de données Mono'!D:D,0)),IF(AND(E205="Electricité",M205="Mi-saison"),INDEX('Base de données Mono'!F:F,MATCH(B205,'Base de données Mono'!D:D,0)),IF(AND(E205="Electricité",M205="Eté"),INDEX('Base de données Mono'!G:G,MATCH(B205,'Base de données Mono'!D:D,0)),IF(AND(E205="Gaz",M205="Hiver"),INDEX('Base de données Mono'!J:J,MATCH(B205,'Base de données Mono'!D:D,0)),IF(AND(E205="Gaz",M205="Mi-saison"),INDEX('Base de données Mono'!#REF!,MATCH(B205,'Base de données Mono'!D:D,0)),IF(AND(E205="Gaz",M205="Eté"),INDEX('Base de données Mono'!#REF!,MATCH(B205,'Base de données Mono'!D:D,0)),"-")))))) -> 95 | O205: 45382 | P205: 45382 | Q205: 115 | R205: =IF(Q205="","",Q205-N205) -> 20 | S205: 2 | T205: 1 | U205: =R205*S205*T205 -> 40 | V205: - | W205: =IFERROR(IF(E205="Gaz","-",R205/N205),"-") -> 0.21052632 | X205: Dim | Y205: Impact Client | Z205: CVC | AA205: CVC en marche forcée sur GTC
A206: =INDEX('Base de données Mono'!C:C,MATCH(B206,'Base de données Mono'!D:D,0)) -> LES HUISSIERS | B206: MO0559 | C206: =INDEX('Base de données Mono'!B:B,MATCH(B206,'Base de données Mono'!D:D,0)) -> SES8 | D206: =INDEX('Base de données Mono'!A:A,MATCH(B206,'Base de données Mono'!D:D,0)) -> AD | E206: Electricité | F206: =IF(O206="","-",IF(AND(X206="Nuit",WEEKDAY(O206,2)=7,O206<>P206),WEEKNUM(O206,2),WEEKNUM(O206,2)-1))+1 -> 13 | G206: =IF(O206="","-",MONTH(O206)) -> 3 | H206: 7.58 | I206: =INDEX('Base de données Mono'!K:K,MATCH(B206,'Base de données Mono'!D:D,0)) -> 0.22916667 | J206: =INDEX('Base de données Mono'!L:L,MATCH(B206,'Base de données Mono'!D:D,0)) -> 0.89583333 | K206: =INDEX('Base de données Mono'!M:M,MATCH(B206,'Base de données Mono'!D:D,0)) -> 0.27777778 | L206: =INDEX('Base de données Mono'!N:N,MATCH(B206,'Base de données Mono'!D:D,0)) -> 0.5625 | M206: Hiver | N206: =IF(AND(E206="Electricité",M206="Hiver"),INDEX('Base de données Mono'!E:E,MATCH(B206,'Base de données Mono'!D:D,0)),IF(AND(E206="Electricité",M206="Mi-saison"),INDEX('Base de données Mono'!F:F,MATCH(B206,'Base de données Mono'!D:D,0)),IF(AND(E206="Electricité",M206="Eté"),INDEX('Base de données Mono'!G:G,MATCH(B206,'Base de données Mono'!D:D,0)),IF(AND(E206="Gaz",M206="Hiver"),INDEX('Base de données Mono'!J:J,MATCH(B206,'Base de données Mono'!D:D,0)),IF(AND(E206="Gaz",M206="Mi-saison"),INDEX('Base de données Mono'!#REF!,MATCH(B206,'Base de données Mono'!D:D,0)),IF(AND(E206="Gaz",M206="Eté"),INDEX('Base de données Mono'!#REF!,MATCH(B206,'Base de données Mono'!D:D,0)),"-")))))) -> 60 | O206: 45382 | P206: 45382 | Q206: 110 | R206: =IF(Q206="","",Q206-N206) -> 50 | S206: 7.5 | T206: 1 | U206: =R206*S206*T206 -> 375 | V206: - | W206: =IFERROR(IF(E206="Gaz","-",R206/N206),"-") -> 0.83333333 | X206: Dim | Y206: Impact Client | Z206: Changement de comportement | AA206: Ouverture dimanche
A207: =INDEX('Base de données Mono'!C:C,MATCH(B207,'Base de données Mono'!D:D,0)) -> ROQUETTE | B207: MO1149 | C207: =INDEX('Base de données Mono'!B:B,MATCH(B207,'Base de données Mono'!D:D,0)) -> SES8 | D207: =INDEX('Base de données Mono'!A:A,MATCH(B207,'Base de données Mono'!D:D,0)) -> JG | E207: Electricité | F207: =IF(O207="","-",IF(AND(X207="Nuit",WEEKDAY(O207,2)=7,O207<>P207),WEEKNUM(O207,2),WEEKNUM(O207,2)-1))+1 -> 13 | G207: =IF(O207="","-",MONTH(O207)) -> 3 | H207: 7.58 | I207: =INDEX('Base de données Mono'!K:K,MATCH(B207,'Base de données Mono'!D:D,0)) -> 0.25 | J207: =INDEX('Base de données Mono'!L:L,MATCH(B207,'Base de données Mono'!D:D,0)) -> 0.91666667 | K207: =INDEX('Base de données Mono'!M:M,MATCH(B207,'Base de données Mono'!D:D,0)) -> 0.29166667 | L207: =INDEX('Base de données Mono'!N:N,MATCH(B207,'Base de données Mono'!D:D,0)) -> 0.55208333 | M207: Hiver | N207: =IF(AND(E207="Electricité",M207="Hiver"),INDEX('Base de données Mono'!E:E,MATCH(B207,'Base de données Mono'!D:D,0)),IF(AND(E207="Electricité",M207="Mi-saison"),INDEX('Base de données Mono'!F:F,MATCH(B207,'Base de données Mono'!D:D,0)),IF(AND(E207="Electricité",M207="Eté"),INDEX('Base de données Mono'!G:G,MATCH(B207,'Base de données Mono'!D:D,0)),IF(AND(E207="Gaz",M207="Hiver"),INDEX('Base de données Mono'!J:J,MATCH(B207,'Base de données Mono'!D:D,0)),IF(AND(E207="Gaz",M207="Mi-saison"),INDEX('Base de données Mono'!#REF!,MATCH(B207,'Base de données Mono'!D:D,0)),IF(AND(E207="Gaz",M207="Eté"),INDEX('Base de données Mono'!#REF!,MATCH(B207,'Base de données Mono'!D:D,0)),"-")))))) -> 60 | O207: 45382 | P207: 45382 | Q207: 100 | R207: =IF(Q207="","",Q207-N207) -> 40 | S207: 9 | T207: 1 | U207: =R207*S207*T207 -> 360 | V207: - | W207: =IFERROR(IF(E207="Gaz","-",R207/N207),"-") -> 0.66666667 | X207: Dim | Y207: A définir
A208: =INDEX('Base de données Mono'!C:C,MATCH(B208,'Base de données Mono'!D:D,0)) -> GRENOBLE CASERNE | B208: MO2317 | C208: =INDEX('Base de données Mono'!B:B,MATCH(B208,'Base de données Mono'!D:D,0)) -> SES8 | D208: =INDEX('Base de données Mono'!A:A,MATCH(B208,'Base de données Mono'!D:D,0)) -> JG | E208: Electricité | F208: =IF(O208="","-",IF(AND(X208="Nuit",WEEKDAY(O208,2)=7,O208<>P208),WEEKNUM(O208,2),WEEKNUM(O208,2)-1))+1 -> 13 | G208: =IF(O208="","-",MONTH(O208)) -> 3 | H208: 7.58 | I208: =INDEX('Base de données Mono'!K:K,MATCH(B208,'Base de données Mono'!D:D,0)) -> 0.22222222 | J208: =INDEX('Base de données Mono'!L:L,MATCH(B208,'Base de données Mono'!D:D,0)) -> 0.89583333 | K208: =INDEX('Base de données Mono'!M:M,MATCH(B208,'Base de données Mono'!D:D,0)) -> 0.3125 | L208: =INDEX('Base de données Mono'!N:N,MATCH(B208,'Base de données Mono'!D:D,0)) -> 0.55208333 | M208: Hiver | N208: =IF(AND(E208="Electricité",M208="Hiver"),INDEX('Base de données Mono'!E:E,MATCH(B208,'Base de données Mono'!D:D,0)),IF(AND(E208="Electricité",M208="Mi-saison"),INDEX('Base de données Mono'!F:F,MATCH(B208,'Base de données Mono'!D:D,0)),IF(AND(E208="Electricité",M208="Eté"),INDEX('Base de données Mono'!G:G,MATCH(B208,'Base de données Mono'!D:D,0)),IF(AND(E208="Gaz",M208="Hiver"),INDEX('Base de données Mono'!J:J,MATCH(B208,'Base de données Mono'!D:D,0)),IF(AND(E208="Gaz",M208="Mi-saison"),INDEX('Base de données Mono'!#REF!,MATCH(B208,'Base de données Mono'!D:D,0)),IF(AND(E208="Gaz",M208="Eté"),INDEX('Base de données Mono'!#REF!,MATCH(B208,'Base de données Mono'!D:D,0)),"-")))))) -> 40 | O208: 45382 | P208: 45382 | Q208: 80 | R208: =IF(Q208="","",Q208-N208) -> 40 | S208: 12 | T208: 1 | U208: =R208*S208*T208 -> 480 | V208: - | W208: =IFERROR(IF(E208="Gaz","-",R208/N208),"-") -> 1 | X208: Dim | Y208: Impact Client | Z208: Changement de comportement | AA208: Ouverture dimanche
A209: =INDEX('Base de données Mono'!C:C,MATCH(B209,'Base de données Mono'!D:D,0)) -> ITALIE | B209: MO1319 | C209: =INDEX('Base de données Mono'!B:B,MATCH(B209,'Base de données Mono'!D:D,0)) -> SES8 | D209: =INDEX('Base de données Mono'!A:A,MATCH(B209,'Base de données Mono'!D:D,0)) -> JG | E209: Electricité | F209: =IF(O209="","-",IF(AND(X209="Nuit",WEEKDAY(O209,2)=7,O209<>P209),WEEKNUM(O209,2),WEEKNUM(O209,2)-1))+1 -> 13 | G209: =IF(O209="","-",MONTH(O209)) -> 3 | H209: 7.58 | I209: =INDEX('Base de données Mono'!K:K,MATCH(B209,'Base de données Mono'!D:D,0)) -> 0.24305556 | J209: =INDEX('Base de données Mono'!L:L,MATCH(B209,'Base de données Mono'!D:D,0)) -> 0.9375 | K209: =INDEX('Base de données Mono'!M:M,MATCH(B209,'Base de données Mono'!D:D,0)) -> - | L209: =INDEX('Base de données Mono'!N:N,MATCH(B209,'Base de données Mono'!D:D,0)) -> - | M209: Hiver | N209: =IF(AND(E209="Electricité",M209="Hiver"),INDEX('Base de données Mono'!E:E,MATCH(B209,'Base de données Mono'!D:D,0)),IF(AND(E209="Electricité",M209="Mi-saison"),INDEX('Base de données Mono'!F:F,MATCH(B209,'Base de données Mono'!D:D,0)),IF(AND(E209="Electricité",M209="Eté"),INDEX('Base de données Mono'!G:G,MATCH(B209,'Base de données Mono'!D:D,0)),IF(AND(E209="Gaz",M209="Hiver"),INDEX('Base de données Mono'!J:J,MATCH(B209,'Base de données Mono'!D:D,0)),IF(AND(E209="Gaz",M209="Mi-saison"),INDEX('Base de données Mono'!#REF!,MATCH(B209,'Base de données Mono'!D:D,0)),IF(AND(E209="Gaz",M209="Eté"),INDEX('Base de données Mono'!#REF!,MATCH(B209,'Base de données Mono'!D:D,0)),"-")))))) -> 115 | O209: 45382 | P209: 45382 | Q209: 130 | R209: =IF(Q209="","",Q209-N209) -> 15 | S209: 12 | T209: 1 | U209: =R209*S209*T209 -> 180 | V209: - | W209: =IFERROR(IF(E209="Gaz","-",R209/N209),"-") -> 0.13043478 | X209: Dim | Y209: Impact Client | Z209: Changement de comportement | AA209: Ouverture dimanche
A210: =INDEX('Base de données Mono'!C:C,MATCH(B210,'Base de données Mono'!D:D,0)) -> VAUGIRARD | B210: MO1329 | C210: =INDEX('Base de données Mono'!B:B,MATCH(B210,'Base de données Mono'!D:D,0)) -> SES8 | D210: =INDEX('Base de données Mono'!A:A,MATCH(B210,'Base de données Mono'!D:D,0)) -> AD | E210: Electricité | F210: =IF(O210="","-",IF(AND(X210="Nuit",WEEKDAY(O210,2)=7,O210<>P210),WEEKNUM(O210,2),WEEKNUM(O210,2)-1))+1 -> 13 | G210: =IF(O210="","-",MONTH(O210)) -> 3 | H210: 7.58 | I210: =INDEX('Base de données Mono'!K:K,MATCH(B210,'Base de données Mono'!D:D,0)) -> 0.20138889 | J210: =INDEX('Base de données Mono'!L:L,MATCH(B210,'Base de données Mono'!D:D,0)) -> 0.92708333 | K210: =INDEX('Base de données Mono'!M:M,MATCH(B210,'Base de données Mono'!D:D,0)) -> 0.26388889 | L210: =INDEX('Base de données Mono'!N:N,MATCH(B210,'Base de données Mono'!D:D,0)) -> 0.5625 | M210: Hiver | N210: =IF(AND(E210="Electricité",M210="Hiver"),INDEX('Base de données Mono'!E:E,MATCH(B210,'Base de données Mono'!D:D,0)),IF(AND(E210="Electricité",M210="Mi-saison"),INDEX('Base de données Mono'!F:F,MATCH(B210,'Base de données Mono'!D:D,0)),IF(AND(E210="Electricité",M210="Eté"),INDEX('Base de données Mono'!G:G,MATCH(B210,'Base de données Mono'!D:D,0)),IF(AND(E210="Gaz",M210="Hiver"),INDEX('Base de données Mono'!J:J,MATCH(B210,'Base de données Mono'!D:D,0)),IF(AND(E210="Gaz",M210="Mi-saison"),INDEX('Base de données Mono'!#REF!,MATCH(B210,'Base de données Mono'!D:D,0)),IF(AND(E210="Gaz",M210="Eté"),INDEX('Base de données Mono'!#REF!,MATCH(B210,'Base de données Mono'!D:D,0)),"-")))))) -> 85 | O210: 45382 | P210: 45382 | Q210: 190 | R210: =IF(Q210="","",Q210-N210) -> 105 | S210: 7 | T210: 1 | U210: =R210*S210*T210 -> 735 | V210: - | W210: =IFERROR(IF(E210="Gaz","-",R210/N210),"-") -> 1.2352941 | X210: Dim | Y210: Impact Client | Z210: Changement de comportement | AA210: Ouverture dimanche
A211: =INDEX('Base de données Mono'!C:C,MATCH(B211,'Base de données Mono'!D:D,0)) -> SAINT MAUR | B211: MO1357 | C211: =INDEX('Base de données Mono'!B:B,MATCH(B211,'Base de données Mono'!D:D,0)) -> SES8 | D211: =INDEX('Base de données Mono'!A:A,MATCH(B211,'Base de données Mono'!D:D,0)) -> JG | E211: Electricité | F211: =IF(O211="","-",IF(AND(X211="Nuit",WEEKDAY(O211,2)=7,O211<>P211),WEEKNUM(O211,2),WEEKNUM(O211,2)-1))+1 -> 13 | G211: =IF(O211="","-",MONTH(O211)) -> 3 | H211: 7.58 | I211: =INDEX('Base de données Mono'!K:K,MATCH(B211,'Base de données Mono'!D:D,0)) -> 0.24305556 | J211: =INDEX('Base de données Mono'!L:L,MATCH(B211,'Base de données Mono'!D:D,0)) -> 0.875 | K211: =INDEX('Base de données Mono'!M:M,MATCH(B211,'Base de données Mono'!D:D,0)) -> 0.28472222 | L211: =INDEX('Base de données Mono'!N:N,MATCH(B211,'Base de données Mono'!D:D,0)) -> 0.55208333 | M211: Hiver | N211: =IF(AND(E211="Electricité",M211="Hiver"),INDEX('Base de données Mono'!E:E,MATCH(B211,'Base de données Mono'!D:D,0)),IF(AND(E211="Electricité",M211="Mi-saison"),INDEX('Base de données Mono'!F:F,MATCH(B211,'Base de données Mono'!D:D,0)),IF(AND(E211="Electricité",M211="Eté"),INDEX('Base de données Mono'!G:G,MATCH(B211,'Base de données Mono'!D:D,0)),IF(AND(E211="Gaz",M211="Hiver"),INDEX('Base de données Mono'!J:J,MATCH(B211,'Base de données Mono'!D:D,0)),IF(AND(E211="Gaz",M211="Mi-saison"),INDEX('Base de données Mono'!#REF!,MATCH(B211,'Base de données Mono'!D:D,0)),IF(AND(E211="Gaz",M211="Eté"),INDEX('Base de données Mono'!#REF!,MATCH(B211,'Base de données Mono'!D:D,0)),"-")))))) -> 50 | O211: 45382 | P211: 45382 | Q211: 110 | R211: =IF(Q211="","",Q211-N211) -> 60 | S211: 5.7 | T211: 1 | U211: =R211*S211*T211 -> 342 | V211: - | W211: =IFERROR(IF(E211="Gaz","-",R211/N211),"-") -> 1.2 | X211: Dim | Y211: Impact Client | Z211: Changement de comportement | AA211: Ouverture dimanche
A212: =INDEX('Base de données Mono'!C:C,MATCH(B212,'Base de données Mono'!D:D,0)) -> SAINT MAUR | B212: MO1357 | C212: =INDEX('Base de données Mono'!B:B,MATCH(B212,'Base de données Mono'!D:D,0)) -> SES8 | D212: =INDEX('Base de données Mono'!A:A,MATCH(B212,'Base de données Mono'!D:D,0)) -> JG | E212: Electricité | F212: =IF(O212="","-",IF(AND(X212="Nuit",WEEKDAY(O212,2)=7,O212<>P212),WEEKNUM(O212,2),WEEKNUM(O212,2)-1))+1 -> 13 | G212: =IF(O212="","-",MONTH(O212)) -> 3 | H212: 7.58 | I212: =INDEX('Base de données Mono'!K:K,MATCH(B212,'Base de données Mono'!D:D,0)) -> 0.24305556 | J212: =INDEX('Base de données Mono'!L:L,MATCH(B212,'Base de données Mono'!D:D,0)) -> 0.875 | K212: =INDEX('Base de données Mono'!M:M,MATCH(B212,'Base de données Mono'!D:D,0)) -> 0.28472222 | L212: =INDEX('Base de données Mono'!N:N,MATCH(B212,'Base de données Mono'!D:D,0)) -> 0.55208333 | M212: Hiver | N212: =IF(AND(E212="Electricité",M212="Hiver"),INDEX('Base de données Mono'!E:E,MATCH(B212,'Base de données Mono'!D:D,0)),IF(AND(E212="Electricité",M212="Mi-saison"),INDEX('Base de données Mono'!F:F,MATCH(B212,'Base de données Mono'!D:D,0)),IF(AND(E212="Electricité",M212="Eté"),INDEX('Base de données Mono'!G:G,MATCH(B212,'Base de données Mono'!D:D,0)),IF(AND(E212="Gaz",M212="Hiver"),INDEX('Base de données Mono'!J:J,MATCH(B212,'Base de données Mono'!D:D,0)),IF(AND(E212="Gaz",M212="Mi-saison"),INDEX('Base de données Mono'!#REF!,MATCH(B212,'Base de données Mono'!D:D,0)),IF(AND(E212="Gaz",M212="Eté"),INDEX('Base de données Mono'!#REF!,MATCH(B212,'Base de données Mono'!D:D,0)),"-")))))) -> 50 | O212: 45382 | P212: 45382 | Q212: 70 | R212: =IF(Q212="","",Q212-N212) -> 20 | S212: 2 | T212: 1 | U212: =R212*S212*T212 -> 40 | V212: - | W212: =IFERROR(IF(E212="Gaz","-",R212/N212),"-") -> 0.4 | X212: Dim | Y212: A définir
A213: =INDEX('Base de données Mono'!C:C,MATCH(B213,'Base de données Mono'!D:D,0)) -> RUEIL MALMAISON | B213: MO2318 | C213: =INDEX('Base de données Mono'!B:B,MATCH(B213,'Base de données Mono'!D:D,0)) -> SES8 | D213: =INDEX('Base de données Mono'!A:A,MATCH(B213,'Base de données Mono'!D:D,0)) -> AD | E213: Electricité | F213: =IF(O213="","-",IF(AND(X213="Nuit",WEEKDAY(O213,2)=7,O213<>P213),WEEKNUM(O213,2),WEEKNUM(O213,2)-1))+1 -> 13 | G213: =IF(O213="","-",MONTH(O213)) -> 3 | H213: 7.58 | I213: =INDEX('Base de données Mono'!K:K,MATCH(B213,'Base de données Mono'!D:D,0)) -> 0.26041667 | J213: =INDEX('Base de données Mono'!L:L,MATCH(B213,'Base de données Mono'!D:D,0)) -> 0.92708333 | K213: =INDEX('Base de données Mono'!M:M,MATCH(B213,'Base de données Mono'!D:D,0)) -> 0.27777778 | L213: =INDEX('Base de données Mono'!N:N,MATCH(B213,'Base de données Mono'!D:D,0)) -> 0.59375 | M213: Hiver | N213: =IF(AND(E213="Electricité",M213="Hiver"),INDEX('Base de données Mono'!E:E,MATCH(B213,'Base de données Mono'!D:D,0)),IF(AND(E213="Electricité",M213="Mi-saison"),INDEX('Base de données Mono'!F:F,MATCH(B213,'Base de données Mono'!D:D,0)),IF(AND(E213="Electricité",M213="Eté"),INDEX('Base de données Mono'!G:G,MATCH(B213,'Base de données Mono'!D:D,0)),IF(AND(E213="Gaz",M213="Hiver"),INDEX('Base de données Mono'!J:J,MATCH(B213,'Base de données Mono'!D:D,0)),IF(AND(E213="Gaz",M213="Mi-saison"),INDEX('Base de données Mono'!#REF!,MATCH(B213,'Base de données Mono'!D:D,0)),IF(AND(E213="Gaz",M213="Eté"),INDEX('Base de données Mono'!#REF!,MATCH(B213,'Base de données Mono'!D:D,0)),"-")))))) -> 55 | O213: 45382 | P213: 45382 | Q213: 120 | R213: =IF(Q213="","",Q213-N213) -> 65 | S213: 6 | T213: 1 | U213: =R213*S213*T213 -> 390 | V213: - | W213: =IFERROR(IF(E213="Gaz","-",R213/N213),"-") -> 1.1818182 | X213: Dim | Y213: Impact Client | Z213: Changement de comportement | AA213: Ouverture dimanche
A214: =INDEX('Base de données Mono'!C:C,MATCH(B214,'Base de données Mono'!D:D,0)) -> RUEIL MALMAISON | B214: MO2318 | C214: =INDEX('Base de données Mono'!B:B,MATCH(B214,'Base de données Mono'!D:D,0)) -> SES8 | D214: =INDEX('Base de données Mono'!A:A,MATCH(B214,'Base de données Mono'!D:D,0)) -> AD | E214: Electricité | F214: =IF(O214="","-",IF(AND(X214="Nuit",WEEKDAY(O214,2)=7,O214<>P214),WEEKNUM(O214,2),WEEKNUM(O214,2)-1))+1 -> 13 | G214: =IF(O214="","-",MONTH(O214)) -> 3 | H214: 9.17 | I214: =INDEX('Base de données Mono'!K:K,MATCH(B214,'Base de données Mono'!D:D,0)) -> 0.26041667 | J214: =INDEX('Base de données Mono'!L:L,MATCH(B214,'Base de données Mono'!D:D,0)) -> 0.92708333 | K214: =INDEX('Base de données Mono'!M:M,MATCH(B214,'Base de données Mono'!D:D,0)) -> 0.27777778 | L214: =INDEX('Base de données Mono'!N:N,MATCH(B214,'Base de données Mono'!D:D,0)) -> 0.59375 | M214: Hiver | N214: =IF(AND(E214="Electricité",M214="Hiver"),INDEX('Base de données Mono'!E:E,MATCH(B214,'Base de données Mono'!D:D,0)),IF(AND(E214="Electricité",M214="Mi-saison"),INDEX('Base de données Mono'!F:F,MATCH(B214,'Base de données Mono'!D:D,0)),IF(AND(E214="Electricité",M214="Eté"),INDEX('Base de données Mono'!G:G,MATCH(B214,'Base de données Mono'!D:D,0)),IF(AND(E214="Gaz",M214="Hiver"),INDEX('Base de données Mono'!J:J,MATCH(B214,'Base de données Mono'!D:D,0)),IF(AND(E214="Gaz",M214="Mi-saison"),INDEX('Base de données Mono'!#REF!,MATCH(B214,'Base de données Mono'!D:D,0)),IF(AND(E214="Gaz",M214="Eté"),INDEX('Base de données Mono'!#REF!,MATCH(B214,'Base de données Mono'!D:D,0)),"-")))))) -> 55 | O214: 45382 | P214: 45382 | Q214: 90 | R214: =IF(Q214="","",Q214-N214) -> 35 | S214: 2 | T214: 1 | U214: =R214*S214*T214 -> 70 | V214: - | W214: =IFERROR(IF(E214="Gaz","-",R214/N214),"-") -> 0.63636364 | X214: Dim | Y214: Impact Client | Z214: CVC | AA214: CVC en marche forcée sur GTC | AC214: Urgent
A215: =INDEX('Base de données Mono'!C:C,MATCH(B215,'Base de données Mono'!D:D,0)) -> LYON LA PART DIEU | B215: MO2326 | C215: =INDEX('Base de données Mono'!B:B,MATCH(B215,'Base de données Mono'!D:D,0)) -> SES8 | D215: =INDEX('Base de données Mono'!A:A,MATCH(B215,'Base de données Mono'!D:D,0)) -> JG | E215: Electricité | F215: =IF(O215="","-",IF(AND(X215="Nuit",WEEKDAY(O215,2)=7,O215<>P215),WEEKNUM(O215,2),WEEKNUM(O215,2)-1))+1 -> 13 | G215: =IF(O215="","-",MONTH(O215)) -> 3 | H215: 9.17 | I215: =INDEX('Base de données Mono'!K:K,MATCH(B215,'Base de données Mono'!D:D,0)) -> 0.1875 | J215: =INDEX('Base de données Mono'!L:L,MATCH(B215,'Base de données Mono'!D:D,0)) -> 0.83333333 | K215: =INDEX('Base de données Mono'!M:M,MATCH(B215,'Base de données Mono'!D:D,0)) -> 0.25 | L215: =INDEX('Base de données Mono'!N:N,MATCH(B215,'Base de données Mono'!D:D,0)) -> 0.5 | M215: Hiver | N215: =IF(AND(E215="Electricité",M215="Hiver"),INDEX('Base de données Mono'!E:E,MATCH(B215,'Base de données Mono'!D:D,0)),IF(AND(E215="Electricité",M215="Mi-saison"),INDEX('Base de données Mono'!F:F,MATCH(B215,'Base de données Mono'!D:D,0)),IF(AND(E215="Electricité",M215="Eté"),INDEX('Base de données Mono'!G:G,MATCH(B215,'Base de données Mono'!D:D,0)),IF(AND(E215="Gaz",M215="Hiver"),INDEX('Base de données Mono'!J:J,MATCH(B215,'Base de données Mono'!D:D,0)),IF(AND(E215="Gaz",M215="Mi-saison"),INDEX('Base de données Mono'!#REF!,MATCH(B215,'Base de données Mono'!D:D,0)),IF(AND(E215="Gaz",M215="Eté"),INDEX('Base de données Mono'!#REF!,MATCH(B215,'Base de données Mono'!D:D,0)),"-")))))) -> 45 | O215: 45382 | P215: 45382 | Q215: 60 | R215: =IF(Q215="","",Q215-N215) -> 15 | S215: 7 | T215: 1 | U215: =R215*S215*T215 -> 105 | V215: - | W215: =IFERROR(IF(E215="Gaz","-",R215/N215),"-") -> 0.33333333 | X215: Dim | Y215: Impact Client | Z215: CVC | AA215: CVC en marche forcée sur GTC
A216: =INDEX('Base de données Mono'!C:C,MATCH(B216,'Base de données Mono'!D:D,0)) -> CHAMBERY LES HALLES | B216: MO2327 | C216: =INDEX('Base de données Mono'!B:B,MATCH(B216,'Base de données Mono'!D:D,0)) -> SES8 | D216: =INDEX('Base de données Mono'!A:A,MATCH(B216,'Base de données Mono'!D:D,0)) -> JG | E216: Electricité | F216: =IF(O216="","-",IF(AND(X216="Nuit",WEEKDAY(O216,2)=7,O216<>P216),WEEKNUM(O216,2),WEEKNUM(O216,2)-1))+1 -> 13 | G216: =IF(O216="","-",MONTH(O216)) -> 3 | H216: 7 | I216: =INDEX('Base de données Mono'!K:K,MATCH(B216,'Base de données Mono'!D:D,0)) -> 0.20833333 | J216: =INDEX('Base de données Mono'!L:L,MATCH(B216,'Base de données Mono'!D:D,0)) -> 0.86458333 | K216: =INDEX('Base de données Mono'!M:M,MATCH(B216,'Base de données Mono'!D:D,0)) -> 0.29166667 | L216: =INDEX('Base de données Mono'!N:N,MATCH(B216,'Base de données Mono'!D:D,0)) -> 0.53125 | M216: Hiver | N216: =IF(AND(E216="Electricité",M216="Hiver"),INDEX('Base de données Mono'!E:E,MATCH(B216,'Base de données Mono'!D:D,0)),IF(AND(E216="Electricité",M216="Mi-saison"),INDEX('Base de données Mono'!F:F,MATCH(B216,'Base de données Mono'!D:D,0)),IF(AND(E216="Electricité",M216="Eté"),INDEX('Base de données Mono'!G:G,MATCH(B216,'Base de données Mono'!D:D,0)),IF(AND(E216="Gaz",M216="Hiver"),INDEX('Base de données Mono'!J:J,MATCH(B216,'Base de données Mono'!D:D,0)),IF(AND(E216="Gaz",M216="Mi-saison"),INDEX('Base de données Mono'!#REF!,MATCH(B216,'Base de données Mono'!D:D,0)),IF(AND(E216="Gaz",M216="Eté"),INDEX('Base de données Mono'!#REF!,MATCH(B216,'Base de données Mono'!D:D,0)),"-")))))) -> 40 | O216: 45382 | P216: 45382 | Q216: 95 | R216: =IF(Q216="","",Q216-N216) -> 55 | S216: 5 | T216: 1 | U216: =R216*S216*T216 -> 275 | V216: - | W216: =IFERROR(IF(E216="Gaz","-",R216/N216),"-") -> 1.375 | X216: Dim | Y216: Impact Client | Z216: Changement de comportement | AA216: Ouverture dimanche
A217: =INDEX('Base de données Mono'!C:C,MATCH(B217,'Base de données Mono'!D:D,0)) -> CHAMBERY LES HALLES | B217: MO2327 | C217: =INDEX('Base de données Mono'!B:B,MATCH(B217,'Base de données Mono'!D:D,0)) -> SES8 | D217: =INDEX('Base de données Mono'!A:A,MATCH(B217,'Base de données Mono'!D:D,0)) -> JG | E217: Electricité | F217: =IF(O217="","-",IF(AND(X217="Nuit",WEEKDAY(O217,2)=7,O217<>P217),WEEKNUM(O217,2),WEEKNUM(O217,2)-1))+1 -> 13 | G217: =IF(O217="","-",MONTH(O217)) -> 3 | H217: 9 | I217: =INDEX('Base de données Mono'!K:K,MATCH(B217,'Base de données Mono'!D:D,0)) -> 0.20833333 | J217: =INDEX('Base de données Mono'!L:L,MATCH(B217,'Base de données Mono'!D:D,0)) -> 0.86458333 | K217: =INDEX('Base de données Mono'!M:M,MATCH(B217,'Base de données Mono'!D:D,0)) -> 0.29166667 | L217: =INDEX('Base de données Mono'!N:N,MATCH(B217,'Base de données Mono'!D:D,0)) -> 0.53125 | M217: Hiver | N217: =IF(AND(E217="Electricité",M217="Hiver"),INDEX('Base de données Mono'!E:E,MATCH(B217,'Base de données Mono'!D:D,0)),IF(AND(E217="Electricité",M217="Mi-saison"),INDEX('Base de données Mono'!F:F,MATCH(B217,'Base de données Mono'!D:D,0)),IF(AND(E217="Electricité",M217="Eté"),INDEX('Base de données Mono'!G:G,MATCH(B217,'Base de données Mono'!D:D,0)),IF(AND(E217="Gaz",M217="Hiver"),INDEX('Base de données Mono'!J:J,MATCH(B217,'Base de données Mono'!D:D,0)),IF(AND(E217="Gaz",M217="Mi-saison"),INDEX('Base de données Mono'!#REF!,MATCH(B217,'Base de données Mono'!D:D,0)),IF(AND(E217="Gaz",M217="Eté"),INDEX('Base de données Mono'!#REF!,MATCH(B217,'Base de données Mono'!D:D,0)),"-")))))) -> 40 | O217: 45382 | P217: 45382 | Q217: 50 | R217: =IF(Q217="","",Q217-N217) -> 10 | S217: 2 | T217: 1 | U217: =R217*S217*T217 -> 20 | V217: - | W217: =IFERROR(IF(E217="Gaz","-",R217/N217),"-") -> 0.25 | X217: Dim | Y217: Impact Client | Z217: CVC | AA217: CVC en marche forcée sur GTC
A218: =INDEX('Base de données Mono'!C:C,MATCH(B218,'Base de données Mono'!D:D,0)) -> COURCELLES | B218: MO1265 | C218: =INDEX('Base de données Mono'!B:B,MATCH(B218,'Base de données Mono'!D:D,0)) -> SES8 | D218: =INDEX('Base de données Mono'!A:A,MATCH(B218,'Base de données Mono'!D:D,0)) -> AD | E218: Electricité | F218: =IF(O218="","-",IF(AND(X218="Nuit",WEEKDAY(O218,2)=7,O218<>P218),WEEKNUM(O218,2),WEEKNUM(O218,2)-1))+1 -> 13 | G218: =IF(O218="","-",MONTH(O218)) -> 3 | H218: 8.67 | I218: =INDEX('Base de données Mono'!K:K,MATCH(B218,'Base de données Mono'!D:D,0)) -> 0.25 | J218: =INDEX('Base de données Mono'!L:L,MATCH(B218,'Base de données Mono'!D:D,0)) -> 0.86458333 | K218: =INDEX('Base de données Mono'!M:M,MATCH(B218,'Base de données Mono'!D:D,0)) -> - | L218: =INDEX('Base de données Mono'!N:N,MATCH(B218,'Base de données Mono'!D:D,0)) -> - | M218: Hiver | N218: =IF(AND(E218="Electricité",M218="Hiver"),INDEX('Base de données Mono'!E:E,MATCH(B218,'Base de données Mono'!D:D,0)),IF(AND(E218="Electricité",M218="Mi-saison"),INDEX('Base de données Mono'!F:F,MATCH(B218,'Base de données Mono'!D:D,0)),IF(AND(E218="Electricité",M218="Eté"),INDEX('Base de données Mono'!G:G,MATCH(B218,'Base de données Mono'!D:D,0)),IF(AND(E218="Gaz",M218="Hiver"),INDEX('Base de données Mono'!J:J,MATCH(B218,'Base de données Mono'!D:D,0)),IF(AND(E218="Gaz",M218="Mi-saison"),INDEX('Base de données Mono'!#REF!,MATCH(B218,'Base de données Mono'!D:D,0)),IF(AND(E218="Gaz",M218="Eté"),INDEX('Base de données Mono'!#REF!,MATCH(B218,'Base de données Mono'!D:D,0)),"-")))))) -> 45 | O218: 45382 | P218: 45382 | Q218: 75 | R218: =IF(Q218="","",Q218-N218) -> 30 | S218: 13 | T218: 1 | U218: =R218*S218*T218 -> 390 | V218: - | W218: =IFERROR(IF(E218="Gaz","-",R218/N218),"-") -> 0.66666667 | X218: Dim | Y218: Impact Client | Z218: Changement de comportement | AA218: Ouverture dimanche
A219: =INDEX('Base de données Mono'!C:C,MATCH(B219,'Base de données Mono'!D:D,0)) -> NICE GORBELLA | B219: MO2733 | C219: =INDEX('Base de données Mono'!B:B,MATCH(B219,'Base de données Mono'!D:D,0)) -> SES8 | D219: =INDEX('Base de données Mono'!A:A,MATCH(B219,'Base de données Mono'!D:D,0)) -> JG | E219: Electricité | F219: =IF(O219="","-",IF(AND(X219="Nuit",WEEKDAY(O219,2)=7,O219<>P219),WEEKNUM(O219,2),WEEKNUM(O219,2)-1))+1 -> 13 | G219: =IF(O219="","-",MONTH(O219)) -> 3 | H219: 8.67 | I219: =INDEX('Base de données Mono'!K:K,MATCH(B219,'Base de données Mono'!D:D,0)) -> 0.20138889 | J219: =INDEX('Base de données Mono'!L:L,MATCH(B219,'Base de données Mono'!D:D,0)) -> 0.89583333 | K219: =INDEX('Base de données Mono'!M:M,MATCH(B219,'Base de données Mono'!D:D,0)) -> 0.27777778 | L219: =INDEX('Base de données Mono'!N:N,MATCH(B219,'Base de données Mono'!D:D,0)) -> 0.55208333 | M219: Hiver | N219: =IF(AND(E219="Electricité",M219="Hiver"),INDEX('Base de données Mono'!E:E,MATCH(B219,'Base de données Mono'!D:D,0)),IF(AND(E219="Electricité",M219="Mi-saison"),INDEX('Base de données Mono'!F:F,MATCH(B219,'Base de données Mono'!D:D,0)),IF(AND(E219="Electricité",M219="Eté"),INDEX('Base de données Mono'!G:G,MATCH(B219,'Base de données Mono'!D:D,0)),IF(AND(E219="Gaz",M219="Hiver"),INDEX('Base de données Mono'!J:J,MATCH(B219,'Base de données Mono'!D:D,0)),IF(AND(E219="Gaz",M219="Mi-saison"),INDEX('Base de données Mono'!#REF!,MATCH(B219,'Base de données Mono'!D:D,0)),IF(AND(E219="Gaz",M219="Eté"),INDEX('Base de données Mono'!#REF!,MATCH(B219,'Base de données Mono'!D:D,0)),"-")))))) -> 15 | O219: 45382 | P219: 45382 | Q219: 60 | R219: =IF(Q219="","",Q219-N219) -> 45 | S219: 7.5 | T219: 1 | U219: =R219*S219*T219 -> 337.5 | V219: - | W219: =IFERROR(IF(E219="Gaz","-",R219/N219),"-") -> 3 | X219: Dim | Y219: Impact Client | Z219: Changement de comportement | AA219: Ouverture dimanche
A220: =INDEX('Base de données Mono'!C:C,MATCH(B220,'Base de données Mono'!D:D,0)) -> NICE CIMIEZ | B220: MO2735 | C220: =INDEX('Base de données Mono'!B:B,MATCH(B220,'Base de données Mono'!D:D,0)) -> SES8 | D220: =INDEX('Base de données Mono'!A:A,MATCH(B220,'Base de données Mono'!D:D,0)) -> JG | E220: Electricité | F220: =IF(O220="","-",IF(AND(X220="Nuit",WEEKDAY(O220,2)=7,O220<>P220),WEEKNUM(O220,2),WEEKNUM(O220,2)-1))+1 -> 13 | G220: =IF(O220="","-",MONTH(O220)) -> 3 | H220: 8.67 | I220: =INDEX('Base de données Mono'!K:K,MATCH(B220,'Base de données Mono'!D:D,0)) -> 0.23611111 | J220: =INDEX('Base de données Mono'!L:L,MATCH(B220,'Base de données Mono'!D:D,0)) -> 0.875 | K220: =INDEX('Base de données Mono'!M:M,MATCH(B220,'Base de données Mono'!D:D,0)) -> 0.28472222 | L220: =INDEX('Base de données Mono'!N:N,MATCH(B220,'Base de données Mono'!D:D,0)) -> 0.54166667 | M220: Hiver | N220: =IF(AND(E220="Electricité",M220="Hiver"),INDEX('Base de données Mono'!E:E,MATCH(B220,'Base de données Mono'!D:D,0)),IF(AND(E220="Electricité",M220="Mi-saison"),INDEX('Base de données Mono'!F:F,MATCH(B220,'Base de données Mono'!D:D,0)),IF(AND(E220="Electricité",M220="Eté"),INDEX('Base de données Mono'!G:G,MATCH(B220,'Base de données Mono'!D:D,0)),IF(AND(E220="Gaz",M220="Hiver"),INDEX('Base de données Mono'!J:J,MATCH(B220,'Base de données Mono'!D:D,0)),IF(AND(E220="Gaz",M220="Mi-saison"),INDEX('Base de données Mono'!#REF!,MATCH(B220,'Base de données Mono'!D:D,0)),IF(AND(E220="Gaz",M220="Eté"),INDEX('Base de données Mono'!#REF!,MATCH(B220,'Base de données Mono'!D:D,0)),"-")))))) -> 90 | O220: 45382 | P220: 45382 | Q220: 130 | R220: =IF(Q220="","",Q220-N220) -> 40 | S220: 8 | T220: 1 | U220: =R220*S220*T220 -> 320 | V220: - | W220: =IFERROR(IF(E220="Gaz","-",R220/N220),"-") -> 0.44444444 | X220: Dim | Y220: Impact Client | Z220: Changement de comportement | AA220: Ouverture dimanche
